Emissão;CTRC;Cliente;Peso;Remetente;C. Pedido;Destinatário;Valor Nota;CFOP;CST;Frete Valor;BC ST;Alíquota ICMSST;ICMS ST
19/01/2026;110215;LACTALIS COMERCIO E DISTRIBUICAO - BA;707.8770;LACTALIS COMERCIO E DISTRIBUICAO - BA;DESCARGA;SENDAS DISTRIBUIDORA SA;8303.80;6352;060 - ICMS cobrado por substituição tributária;6000;6818;1200;818
01/01/2026;110219;LACTALIS COMERCIO E DISTRIBUICAO - BA;6859.9510;LACTALIS COMERCIO E DISTRIBUICAO - BA;53172491;MAFRIOS DIST E IMPORTADORA LTDA;72888.18;6352;060 - ICMS cobrado por substituição tributária;4.554,75;5.175,85;1200;62110
05/01/2026;110354;LACTALIS COMERCIO E DISTRIBUICAO - BA;423.6400;LACTALIS COMERCIO E DISTRIBUICAO - BA;53172492;SENDAS DISTRIBUIDORA SA;4655.32;6352;060 - ICMS cobrado por substituição tributária;42264;48027;1200;5763
05/01/2026;110355;LACTALIS COMERCIO E DISTRIBUICAO - BA;401.6100;LACTALIS COMERCIO E DISTRIBUICAO - BA;53172492;ATAKAREJO DIST DE ALIM E BEB SA;3374.00;6352;060 - ICMS cobrado por substituição tributária;40064;45527;1200;5463
05/01/2026;110356;LACTALIS COMERCIO E DISTRIBUICAO - BA;536.9200;LACTALIS COMERCIO E DISTRIBUICAO - BA;53172492;ATAKAREJO DIST DE ALIM E BEB SA;6070.80;6352;060 - ICMS cobrado por substituição tributária;53563;60867;1200;7304
05/01/2026;110357;LACTALIS COMERCIO E DISTRIBUICAO - BA;697.2000;LACTALIS COMERCIO E DISTRIBUICAO - BA;53172492;ATAKAREJO DIST DE ALIM E BEB SA ATAKAREJO;8641.19;6352;060 - ICMS cobrado por substituição tributária;69550;79034;1200;9484
05/01/2026;110358;ITAMBE COMERCIO E DISTRIBUICAO - BA;1065.3500;ITAMBE COMERCIO E DISTRIBUICAO - BA;53172492;DISTRIBUIDORA TIO LUIZ LTDA;12526.38;6352;060 - ICMS cobrado por substituição tributária;1.062,74;1.207,66;1200;14492
05/01/2026;110359;ITAMBE COMERCIO E DISTRIBUICAO - BA;332.2500;ITAMBE COMERCIO E DISTRIBUICAO - BA;53172492;ATAKAREJO DIST DE ALIM E BEB SA;3620.41;6352;060 - ICMS cobrado por substituição tributária;33145;37665;1200;4520
05/01/2026;110360;ITAMBE COMERCIO E DISTRIBUICAO - BA;374.9500;ITAMBE COMERCIO E DISTRIBUICAO - BA;53172492;ATAKAREJO DIST DE ALIM E BEB SA;4317.40;6352;060 - ICMS cobrado por substituição tributária;37404;42505;1200;5101
05/01/2026;110361;ITAMBE COMERCIO E DISTRIBUICAO - BA;734.0800;ITAMBE COMERCIO E DISTRIBUICAO - BA;53172492;ATAKAREJO DIST DE ALIM E BEB SA ATAKAREJO;8197.36;6352;060 - ICMS cobrado por substituição tributária;73228;83214;1200;9986
05/01/2026;110363;LACTALIS COMERCIO E DISTRIBUICAO - BA;596.7900;LACTALIS COMERCIO E DISTRIBUICAO - BA;53172495;SENDAS DISTRIBUIDORA SA;5972.34;6352;060 - ICMS cobrado por substituição tributária;1.000,23;1.136,63;1200;13640
05/01/2026;110378;LACTALIS COMERCIO E DISTRIBUICAO - BA;390.3700;LACTALIS COMERCIO E DISTRIBUICAO - BA;53172494;SENDAS DISTRIBUIDORA SA;4539.46;6352;060 - ICMS cobrado por substituição tributária;64116;72859;1200;8743
05/01/2026;110389;LACTALIS COMERCIO E DISTRIBUICAO - BA;562.5700;LACTALIS COMERCIO E DISTRIBUICAO - BA;53172493;SENDAS DISTRIBUIDORA SA;5671.68;6352;060 - ICMS cobrado por substituição tributária;59976;68155;1200;8179
05/01/2026;110390;LACTALIS COMERCIO E DISTRIBUICAO - BA;512.9100;LACTALIS COMERCIO E DISTRIBUICAO - BA;53172494;SENDAS DISTRIBUIDORA SA;6082.92;6352;060 - ICMS cobrado por substituição tributária;84241;95728;1200;11487
05/01/2026;110393;LACTALIS COMERCIO E DISTRIBUICAO - BA;11.8000;LACTALIS COMERCIO E DISTRIBUICAO - BA;53172493;WMS SUPERMERCADOS DO BRASIL LTDA;1059.00;6352;060 - ICMS cobrado por substituição tributária;1258;1430;1200;172
05/01/2026;110401;LACTALIS COMERCIO E DISTRIBUICAO - BA;1163.1400;LACTALIS COMERCIO E DISTRIBUICAO - BA;53172493;ATAKAREJO DIST DE ALIM E BEB SA;17220.35;6352;060 - ICMS cobrado por substituição tributária;1.240,07;1.409,17;1200;16910
05/01/2026;110408;LACTALIS COMERCIO E DISTRIBUICAO - BA;304.9000;LACTALIS COMERCIO E DISTRIBUICAO - BA;53172494;ATAKAREJO DIST DE ALIM E BEB SA;4469.22;6352;060 - ICMS cobrado por substituição tributária;50078;56907;1200;6829
05/01/2026;110410;LACTALIS COMERCIO E DISTRIBUICAO - BA;728.9300;LACTALIS COMERCIO E DISTRIBUICAO - BA;53172495;ATAKAREJO DIST DE ALIM E BEB SA ATAKAREJO;8764.84;6352;060 - ICMS cobrado por substituição tributária;1.221,71;1.388,31;1200;16660
05/01/2026;110426;ITAMBE COMERCIO E DISTRIBUICAO - BA;747.1000;ITAMBE COMERCIO E DISTRIBUICAO - BA;53172495;MATEUS SUPERMERCADOS SA;9012.84;6352;060 - ICMS cobrado por substituição tributária;1.252,13;1.422,88;1200;17075
05/01/2026;110432;ITAMBE COMERCIO E DISTRIBUICAO - BA;984.1800;ITAMBE COMERCIO E DISTRIBUICAO - BA;53172493;ATAKAREJO DIST DE ALIM E BEB SA;14111.32;6352;060 - ICMS cobrado por substituição tributária;1.049,26;1.192,34;1200;14308
05/01/2026;110434;ITAMBE COMERCIO E DISTRIBUICAO - BA;536.9200;ITAMBE COMERCIO E DISTRIBUICAO - BA;53172493;MATEUS SUPERMERCADOS SA;5712.96;6352;060 - ICMS cobrado por substituição tributária;57243;65049;1200;7806
05/01/2026;110439;ITAMBE COMERCIO E DISTRIBUICAO - BA;907.0200;ITAMBE COMERCIO E DISTRIBUICAO - BA;53172494;ATAKAREJO DIST DE ALIM E BEB SA;10017.66;6352;060 - ICMS cobrado por substituição tributária;1.489,75;1.692,90;1200;20315
12/01/2026;110832;ITAMBE COMERCIO E DISTRIBUICAO - BA;674.9700;ITAMBE COMERCIO E DISTRIBUICAO - BA;53191640;SENDAS DISTRIBUIDORA SA;5797.87;6352;060 - ICMS cobrado por substituição tributária;76606;87052;1200;10446
12/01/2026;110833;ITAMBE COMERCIO E DISTRIBUICAO - BA;583.4000;ITAMBE COMERCIO E DISTRIBUICAO - BA;53191671;MATEUS SUPERMERCADOS SA;8022.32;6352;060 - ICMS cobrado por substituição tributária;67288;76464;1200;9176
12/01/2026;110834;ITAMBE COMERCIO E DISTRIBUICAO - BA;56.2800;ITAMBE COMERCIO E DISTRIBUICAO - BA;53191675;MATEUS SUPERMERCADOS SA;827.88;6352;060 - ICMS cobrado por substituição tributária;8465;9619;1200;1154
12/01/2026;110835;ITAMBE COMERCIO E DISTRIBUICAO - BA;305.7700;ITAMBE COMERCIO E DISTRIBUICAO - BA;53191671;ATAKAREJO DIST DE ALIM E BEB SA;4112.92;6352;060 - ICMS cobrado por substituição tributária;35266;40075;1200;4809
12/01/2026;110836;ITAMBE COMERCIO E DISTRIBUICAO - BA;448.8300;ITAMBE COMERCIO E DISTRIBUICAO - BA;53191640;MATEUS SUPERMERCADOS SA;5449.46;6352;060 - ICMS cobrado por substituição tributária;50939;57885;1200;6946
12/01/2026;110837;ITAMBE COMERCIO E DISTRIBUICAO - BA;1556.8300;ITAMBE COMERCIO E DISTRIBUICAO - BA;53191675;DISTRIBUIDORA TIO LUIZ LTDA;16173.32;6352;060 - ICMS cobrado por substituição tributária;2.341,77;2.661,10;1200;31933
12/01/2026;110838;ITAMBE COMERCIO E DISTRIBUICAO - BA;247.2700;ITAMBE COMERCIO E DISTRIBUICAO - BA;53191675;ATAKAREJO DIST DE ALIM E BEB SA;3011.15;6352;060 - ICMS cobrado por substituição tributária;37194;42266;1200;5072
12/01/2026;110841;LACTALIS COMERCIO E DISTRIBUICAO - BA;1375.5800;LACTALIS COMERCIO E DISTRIBUICAO - BA;53191640;SENDAS DISTRIBUIDORA SA;11793.12;6352;060 - ICMS cobrado por substituição tributária;1.561,20;1.774,09;1200;21289
12/01/2026;110842;LACTALIS COMERCIO E DISTRIBUICAO - BA;903.2100;LACTALIS COMERCIO E DISTRIBUICAO - BA;53191671;MATEUS SUPERMERCADOS SA;10647.26;6352;060 - ICMS cobrado por substituição tributária;1.041,78;1.183,84;1200;14206
12/01/2026;110844;LACTALIS COMERCIO E DISTRIBUICAO - BA;1219.6600;LACTALIS COMERCIO E DISTRIBUICAO - BA;53191671;ATAKAREJO DIST DE ALIM E BEB SA;16466.68;6352;060 - ICMS cobrado por substituição tributária;1.406,75;1.598,58;1200;19183
12/01/2026;110845;LACTALIS COMERCIO E DISTRIBUICAO - BA;561.6100;LACTALIS COMERCIO E DISTRIBUICAO - BA;53191640;MATEUS SUPERMERCADOS SA;11004.70;6352;060 - ICMS cobrado por substituição tributária;63741;72433;1200;8692
12/01/2026;110846;LACTALIS COMERCIO E DISTRIBUICAO - BA;746.5700;LACTALIS COMERCIO E DISTRIBUICAO - BA;53191675;ATAKAREJO DIST DE ALIM E BEB SA;7648.20;6352;060 - ICMS cobrado por substituição tributária;1.122,96;1.276,09;1200;15313
12/01/2026;110848;ITAMBE COMERCIO E DISTRIBUICAO - BA;145.0300;ITAMBE COMERCIO E DISTRIBUICAO - BA;53190715;MERCANTIL RODRIGUES COMERCIAL LTDA;1409.13;6352;060 - ICMS cobrado por substituição tributária;19729;22419;1200;2690
12/01/2026;110849;ITAMBE COMERCIO E DISTRIBUICAO - BA;173.4300;ITAMBE COMERCIO E DISTRIBUICAO - BA;53190715;CHOCOLAMOUR COM TORTAS FINAS LTDA E;3238.80;6352;060 - ICMS cobrado por substituição tributária;23591;26808;1200;3217
12/01/2026;110850;ITAMBE COMERCIO E DISTRIBUICAO - BA;1958.7200;ITAMBE COMERCIO E DISTRIBUICAO - BA;53190715;SLPPB ALIMENTACOES LTDA;28584.24;6352;060 - ICMS cobrado por substituição tributária;2.664,51;3.027,85;1200;36334
12/01/2026;110851;ITAMBE COMERCIO E DISTRIBUICAO - BA;276.6600;ITAMBE COMERCIO E DISTRIBUICAO - BA;53190715;CASA DA BAVIERA LTDA;5006.40;6352;060 - ICMS cobrado por substituição tributária;37635;42767;1200;5132
12/01/2026;110852;LACTALIS COMERCIO E DISTRIBUICAO - BA;1376.7300;LACTALIS COMERCIO E DISTRIBUICAO - BA;53191672;SENDAS DISTRIBUIDORA SA;12912.88;6352;060 - ICMS cobrado por substituição tributária;1.663,89;1.890,78;1200;22689
12/01/2026;110853;LACTALIS COMERCIO E DISTRIBUICAO - BA;635.6000;LACTALIS COMERCIO E DISTRIBUICAO - BA;53191672;WMS SUPERMERCADOS DO BRASIL LTDA;5377.60;6352;060 - ICMS cobrado por substituição tributária;76817;87292;1200;10475
12/01/2026;110854;ITAMBE COMERCIO E DISTRIBUICAO - BA;671.2900;ITAMBE COMERCIO E DISTRIBUICAO - BA;53191672;SENDAS DISTRIBUIDORA SA;5688.19;6352;060 - ICMS cobrado por substituição tributária;81130;92193;1200;11063
12/01/2026;110855;ITAMBE COMERCIO E DISTRIBUICAO - BA;190.8800;ITAMBE COMERCIO E DISTRIBUICAO - BA;53191672;WMS SUPERMERCADOS DO BRASIL LTDA;1861.16;6352;060 - ICMS cobrado por substituição tributária;23070;26216;1200;3146
12/01/2026;110856;LACTALIS COMERCIO E DISTRIBUICAO - BA;1896.7800;LACTALIS COMERCIO E DISTRIBUICAO - BA;53191674;ATACADAO SA;16744.90;6352;060 - ICMS cobrado por substituição tributária;2.422,74;2.753,11;1200;33037
12/01/2026;110857;LACTALIS COMERCIO E DISTRIBUICAO - BA;450.4800;LACTALIS COMERCIO E DISTRIBUICAO - BA;53191674;ATAKAREJO DIST DE ALIM E BEB SA;6697.60;6352;060 - ICMS cobrado por substituição tributária;57538;65384;1200;7846
12/01/2026;110858;ITAMBE COMERCIO E DISTRIBUICAO - BA;217.8100;ITAMBE COMERCIO E DISTRIBUICAO - BA;53191674;ATACADAO SA;2318.46;6352;060 - ICMS cobrado por substituição tributária;27820;31614;1200;3794
12/01/2026;110859;ITAMBE COMERCIO E DISTRIBUICAO - BA;154.8100;ITAMBE COMERCIO E DISTRIBUICAO - BA;53191674;ATAKAREJO DIST DE ALIM E BEB SA;1729.38;6352;060 - ICMS cobrado por substituição tributária;19774;22470;1200;2696
12/01/2026;110864;LACTALIS COMERCIO E DISTRIBUICAO - BA;1786.9700;LACTALIS COMERCIO E DISTRIBUICAO - BA;53191637;SENDAS DISTRIBUIDORA SA;15847.88;6352;060 - ICMS cobrado por substituição tributária;1.780,16;2.022,91;1200;24275
12/01/2026;110865;LACTALIS COMERCIO E DISTRIBUICAO - BA;687.0800;LACTALIS COMERCIO E DISTRIBUICAO - BA;53191637;ATACADAO SA;5891.50;6352;060 - ICMS cobrado por substituição tributária;68446;77780;1200;9334
12/01/2026;110866;ITAMBE COMERCIO E DISTRIBUICAO - BA;748.3500;ITAMBE COMERCIO E DISTRIBUICAO - BA;53191637;SENDAS DISTRIBUIDORA SA;6211.61;6352;060 - ICMS cobrado por substituição tributária;74550;84716;1200;10166
12/01/2026;110867;ITAMBE COMERCIO E DISTRIBUICAO - BA;264.9600;ITAMBE COMERCIO E DISTRIBUICAO - BA;53191637;ATACADAO SA;2634.32;6352;060 - ICMS cobrado por substituição tributária;26396;29995;1200;3599
12/01/2026;110944;LACTALIS COMERCIO E DISTRIBUICAO - BA;847.0400;LACTALIS COMERCIO E DISTRIBUICAO - BA;53191639;SENDAS DISTRIBUIDORA SA;7372.40;6352;060 - ICMS cobrado por substituição tributária;1.060,05;1.204,60;1200;14455
12/01/2026;110945;LACTALIS COMERCIO E DISTRIBUICAO - BA;568.3900;LACTALIS COMERCIO E DISTRIBUICAO - BA;53191639;ATAKAREJO DIST DE ALIM E BEB SA;6410.82;6352;060 - ICMS cobrado por substituição tributária;71135;80835;1200;9700
12/01/2026;110946;LACTALIS COMERCIO E DISTRIBUICAO - BA;929.7500;LACTALIS COMERCIO E DISTRIBUICAO - BA;53191639;ATAKAREJO DIST DE ALIM E BEB SA ATAKAREJO;9924.48;6352;060 - ICMS cobrado por substituição tributária;1.163,56;1.322,23;1200;15867
12/01/2026;110947;LACTALIS COMERCIO E DISTRIBUICAO - BA;1653.2000;LACTALIS COMERCIO E DISTRIBUICAO - BA;53191638;SENDAS DISTRIBUIDORA SA;14100.56;6352;060 - ICMS cobrado por substituição tributária;1.187,52;1.349,45;1200;16193
12/01/2026;110948;LACTALIS COMERCIO E DISTRIBUICAO - BA;1869.0800;LACTALIS COMERCIO E DISTRIBUICAO - BA;53191638;ATAKAREJO DIST DE ALIM E BEB SA ATAKAREJO;23741.00;6352;060 - ICMS cobrado por substituição tributária;1.342,57;1.525,65;1200;18308
12/01/2026;110949;ITAMBE COMERCIO E DISTRIBUICAO - BA;263.7400;ITAMBE COMERCIO E DISTRIBUICAO - BA;53191639;SENDAS DISTRIBUIDORA SA;2360.28;6352;060 - ICMS cobrado por substituição tributária;33007;37508;1200;4501
12/01/2026;110950;ITAMBE COMERCIO E DISTRIBUICAO - BA;121.0500;ITAMBE COMERCIO E DISTRIBUICAO - BA;53191639;ATAKAREJO DIST DE ALIM E BEB SA;1263.62;6352;060 - ICMS cobrado por substituição tributária;15148;17214;1200;2066
12/01/2026;110951;ITAMBE COMERCIO E DISTRIBUICAO - BA;403.4600;ITAMBE COMERCIO E DISTRIBUICAO - BA;53191639;ATAKAREJO DIST DE ALIM E BEB SA ATAKAREJO;4483.46;6352;060 - ICMS cobrado por substituição tributária;50489;57374;1200;6885
12/01/2026;110952;ITAMBE COMERCIO E DISTRIBUICAO - BA;789.0600;ITAMBE COMERCIO E DISTRIBUICAO - BA;53191638;MERCANTIL RODRIGUES COMERCIAL LTDA;8086.96;6352;060 - ICMS cobrado por substituição tributária;56679;64408;1200;7729
12/01/2026;110953;ITAMBE COMERCIO E DISTRIBUICAO - BA;897.8600;ITAMBE COMERCIO E DISTRIBUICAO - BA;53191638;SENDAS DISTRIBUIDORA SA;7856.29;6352;060 - ICMS cobrado por substituição tributária;64496;73291;1200;8795
12/01/2026;110954;ITAMBE COMERCIO E DISTRIBUICAO - BA;907.3100;ITAMBE COMERCIO E DISTRIBUICAO - BA;53191638;ATAKAREJO DIST DE ALIM E BEB SA ATAKAREJO;10684.75;6352;060 - ICMS cobrado por substituição tributária;65174;74061;1200;8887
16/01/2026;111330;ITAMBE COMERCIO E DISTRIBUICAO - BA;673.4100;ITAMBE COMERCIO E DISTRIBUICAO - BA;DESCARGA;ATAKAREJO DIST DE ALIM E BEB SA ATAKAREJO;10495.28;6352;060 - ICMS cobrado por substituição tributária;3030;3443;1200;413
16/01/2026;111337;ITAMBE COMERCIO E DISTRIBUICAO - BA;234.4560;ITAMBE COMERCIO E DISTRIBUICAO - BA;DESCARGA;CHOCOLAMOUR COM TORTAS FINAS LTDA E;5522.24;6352;060 - ICMS cobrado por substituição tributária;16000;18182;1200;2182
16/01/2026;111338;ITAMBE COMERCIO E DISTRIBUICAO - BA;389.8800;ITAMBE COMERCIO E DISTRIBUICAO - BA;PEDAGIO;SELMA PRADO FONTES COM DE ALIM LTDA;5982.56;6352;060 - ICMS cobrado por substituição tributária;1540;1750;1200;210
18/01/2026;111355;ITAMBE COMERCIO E DISTRIBUICAO - BA;368.9500;ITAMBE COMERCIO E DISTRIBUICAO - BA;53209473;WMS SUPERMERCADOS DO BRASIL LTDA;8377.52;6352;060 - ICMS cobrado por substituição tributária;44771;50876;1200;6105
18/01/2026;111356;ITAMBE COMERCIO E DISTRIBUICAO - BA;115.4700;ITAMBE COMERCIO E DISTRIBUICAO - BA;53209473;MATEUS SUPERMERCADOS SA;2225.40;6352;060 - ICMS cobrado por substituição tributária;14011;15922;1200;1911
18/01/2026;111357;ITAMBE COMERCIO E DISTRIBUICAO - BA;301.0500;ITAMBE COMERCIO E DISTRIBUICAO - BA;53209473;ATAKAREJO DISTRIB DE ALIMENTOS E BE ATAKAREJO DISTRIB DE ALI;1701.00;6352;060 - ICMS cobrado por substituição tributária;36531;41513;1200;4982
18/01/2026;111358;LACTALIS COMERCIO E DISTRIBUICAO - BA;949.6700;LACTALIS COMERCIO E DISTRIBUICAO - BA;53209473;SENDAS DISTRIBUIDORA SA;13549.58;6352;060 - ICMS cobrado por substituição tributária;1.152,35;1.309,49;1200;15714
18/01/2026;111359;LACTALIS COMERCIO E DISTRIBUICAO - BA;313.7700;LACTALIS COMERCIO E DISTRIBUICAO - BA;53209473;WMS SUPERMERCADOS DO BRASIL LTDA;3067.32;6352;060 - ICMS cobrado por substituição tributária;38072;43264;1200;5192
18/01/2026;111360;LACTALIS COMERCIO E DISTRIBUICAO - BA;814.0800;LACTALIS COMERCIO E DISTRIBUICAO - BA;53209473;MATEUS SUPERMERCADOS SA;11071.16;6352;060 - ICMS cobrado por substituição tributária;98783;1.122,53;1200;13470
18/01/2026;111361;LACTALIS COMERCIO E DISTRIBUICAO - BA;1757.3900;LACTALIS COMERCIO E DISTRIBUICAO - BA;53209471;SENDAS DISTRIBUIDORA SA;31016.70;6352;060 - ICMS cobrado por substituição tributária;1.867,79;2.122,49;1200;25470
18/01/2026;111362;LACTALIS COMERCIO E DISTRIBUICAO - BA;1511.2800;LACTALIS COMERCIO E DISTRIBUICAO - BA;53209471;SENDAS DISTRIBUIDORA SA;28469.86;6352;060 - ICMS cobrado por substituição tributária;1.606,23;1.825,26;1200;21903
19/01/2026;111368;LACTALIS COMERCIO E DISTRIBUICAO - BA;554.0700;LACTALIS COMERCIO E DISTRIBUICAO - BA;53209440;SENDAS DISTRIBUIDORA SA;8288.60;6352;060 - ICMS cobrado por substituição tributária;50990;57943;1200;6953
19/01/2026;111369;LACTALIS COMERCIO E DISTRIBUICAO - BA;152.6800;LACTALIS COMERCIO E DISTRIBUICAO - BA;53209440;MATEUS SUPERMERCADOS SA;3541.70;6352;060 - ICMS cobrado por substituição tributária;14053;15969;1200;1916
19/01/2026;111370;LACTALIS COMERCIO E DISTRIBUICAO - BA;749.0500;LACTALIS COMERCIO E DISTRIBUICAO - BA;53209440;ATAKAREJO DIST DE ALIM E BEB SA;8517.78;6352;060 - ICMS cobrado por substituição tributária;68935;78335;1200;9400
19/01/2026;111371;LACTALIS COMERCIO E DISTRIBUICAO - BA;502.3700;LACTALIS COMERCIO E DISTRIBUICAO - BA;53209440;ATAKAREJO DIST DE ALIM E BEB SA;5495.44;6352;060 - ICMS cobrado por substituição tributária;46235;52540;1200;6305
19/01/2026;111372;LACTALIS COMERCIO E DISTRIBUICAO - BA;1022.3200;LACTALIS COMERCIO E DISTRIBUICAO - BA;53209440;ATAKAREJO DIST DE ALIM E BEB SA ATAKAREJO;12094.04;6352;060 - ICMS cobrado por substituição tributária;94088;1.069,18;1200;12830
19/01/2026;111373;ITAMBE COMERCIO E DISTRIBUICAO - BA;796.0300;ITAMBE COMERCIO E DISTRIBUICAO - BA;53209440;DISTRIBUIDORA TIO LUIZ LTDA;9640.56;6352;060 - ICMS cobrado por substituição tributária;73263;83253;1200;9990
19/01/2026;111374;ITAMBE COMERCIO E DISTRIBUICAO - BA;249.9000;ITAMBE COMERCIO E DISTRIBUICAO - BA;53209440;ATAKAREJO DIST DE ALIM E BEB SA;2701.27;6352;060 - ICMS cobrado por substituição tributária;22998;26134;1200;3136
19/01/2026;111375;ITAMBE COMERCIO E DISTRIBUICAO - BA;264.3300;ITAMBE COMERCIO E DISTRIBUICAO - BA;53209440;ATAKAREJO DIST DE ALIM E BEB SA;2668.16;6352;060 - ICMS cobrado por substituição tributária;24328;27645;1200;3317
19/01/2026;111376;ITAMBE COMERCIO E DISTRIBUICAO - BA;658.2200;ITAMBE COMERCIO E DISTRIBUICAO - BA;53209440;ATAKAREJO DIST DE ALIM E BEB SA ATAKAREJO;7135.09;6352;060 - ICMS cobrado por substituição tributária;60580;68841;1200;8261
19/01/2026;111392;ITAMBE COMERCIO E DISTRIBUICAO - BA;228.0400;ITAMBE COMERCIO E DISTRIBUICAO - BA;53209472;ATACADAO SA;2943.68;6352;060 - ICMS cobrado por substituição tributária;27407;31144;1200;3737
19/01/2026;111393;ITAMBE COMERCIO E DISTRIBUICAO - BA;311.9400;ITAMBE COMERCIO E DISTRIBUICAO - BA;53209472;ATAKAREJO DIST DE ALIM E BEB SA;3839.41;6352;060 - ICMS cobrado por substituição tributária;37492;42605;1200;5113
19/01/2026;111394;ITAMBE COMERCIO E DISTRIBUICAO - BA;123.0900;ITAMBE COMERCIO E DISTRIBUICAO - BA;53209472;ATAKAREJO DIST DE ALIM E BEB SA;1732.11;6352;060 - ICMS cobrado por substituição tributária;14795;16813;1200;2018
19/01/2026;111395;LACTALIS COMERCIO E DISTRIBUICAO - BA;326.0400;LACTALIS COMERCIO E DISTRIBUICAO - BA;53209472;ATACADAO SA;3280.10;6352;060 - ICMS cobrado por substituição tributária;39185;44528;1200;5343
19/01/2026;111396;LACTALIS COMERCIO E DISTRIBUICAO - BA;1283.1500;LACTALIS COMERCIO E DISTRIBUICAO - BA;53209472;ATAKAREJO DIST DE ALIM E BEB SA;16773.24;6352;060 - ICMS cobrado por substituição tributária;1.542,24;1.752,55;1200;21031
19/01/2026;111397;LACTALIS COMERCIO E DISTRIBUICAO - BA;618.1800;LACTALIS COMERCIO E DISTRIBUICAO - BA;53209472;ATAKAREJO DIST DE ALIM E BEB SA;7081.48;6352;060 - ICMS cobrado por substituição tributária;74298;84430;1200;10132
19/01/2026;111461;ITAMBE COMERCIO E DISTRIBUICAO - BA;725.7200;ITAMBE COMERCIO E DISTRIBUICAO - BA;DESCARGA;SENDAS DISTRIBUIDORA SA;6965.38;6352;060 - ICMS cobrado por substituição tributária;32957;37451;1200;4494
19/01/2026;111464;LACTALIS COMERCIO E DISTRIBUICAO - BA;883.7200;LACTALIS COMERCIO E DISTRIBUICAO - BA;DESCARGA;SENDAS DISTRIBUIDORA SA;8321.48;6352;060 - ICMS cobrado por substituição tributária;1.053,36;1.197,00;1200;14364
19/01/2026;111465;LACTALIS COMERCIO E DISTRIBUICAO - BA;1337.6700;LACTALIS COMERCIO E DISTRIBUICAO - BA;PEDAGIO;MATEUS SUPERMERCADOS SA;16084.88;6352;060 - ICMS cobrado por substituição tributária;18230;20716;1200;2486
19/01/2026;111466;LACTALIS COMERCIO E DISTRIBUICAO - BA;919.7000;LACTALIS COMERCIO E DISTRIBUICAO - BA;DIARIA NO CLIENTE;SENDAS DISTRIBUIDORA SA;10621.82;6352;060 - ICMS cobrado por substituição tributária;1.285,22;1.460,48;1200;17526
19/01/2026;111467;ITAMBE COMERCIO E DISTRIBUICAO - BA;725.7200;ITAMBE COMERCIO E DISTRIBUICAO - BA;DIARIA NO CLIENTE;SENDAS DISTRIBUIDORA SA;6965.38;6352;060 - ICMS cobrado por substituição tributária;1.285,22;1.460,48;1200;17526
19/01/2026;111470;LACTALIS COMERCIO E DISTRIBUICAO - BA;737.7800;LACTALIS COMERCIO E DISTRIBUICAO - BA;DIARIA NO CLIENTE;SENDAS DISTRIBUIDORA SA;8580.22;6352;060 - ICMS cobrado por substituição tributária;1.696,50;1.927,84;1200;23134
19/01/2026;111471;LACTALIS COMERCIO E DISTRIBUICAO - BA;1509.9200;LACTALIS COMERCIO E DISTRIBUICAO - BA;DESCARGA;MATEUS SUPERMERCADOS SA;15974.96;6352;060 - ICMS cobrado por substituição tributária;56164;63823;1200;7659
19/01/2026;111475;ITAMBE COMERCIO E DISTRIBUICAO - BA;370.7200;ITAMBE COMERCIO E DISTRIBUICAO - BA;DESCARGA;MATEUS SUPERMERCADOS SA;3840.20;6352;060 - ICMS cobrado por substituição tributária;27233;30947;1200;3714
22/01/2026;111742;ITAMBE COMERCIO E DISTRIBUICAO - BA;2740.5200;ITAMBE COMERCIO E DISTRIBUICAO - BA;53223076;DISTRIBUIDORA TIO LUIZ LTDA;29445.06;6352;060 - ICMS cobrado por substituição tributária;3.921,33;4.456,06;1200;53473
26/01/2026;111816;LACTALIS COMERCIO E DISTRIBUICAO - BA;864.0700;LACTALIS COMERCIO E DISTRIBUICAO - BA;53226414;ATACADAO SA;6942.32;6352;060 - ICMS cobrado por substituição tributária;95553;1.085,83;1200;13030
26/01/2026;111817;LACTALIS COMERCIO E DISTRIBUICAO - BA;839.1200;LACTALIS COMERCIO E DISTRIBUICAO - BA;53226414;SENDAS DISTRIBUIDORA SA;5908.94;6352;060 - ICMS cobrado por substituição tributária;92795;1.054,49;1200;12654
26/01/2026;111818;LACTALIS COMERCIO E DISTRIBUICAO - BA;189.1200;LACTALIS COMERCIO E DISTRIBUICAO - BA;53226414;MATEUS SUPERMERCADOS SA;3674.20;6352;060 - ICMS cobrado por substituição tributária;20913;23765;1200;2852
26/01/2026;111819;ITAMBE COMERCIO E DISTRIBUICAO - BA;419.2200;ITAMBE COMERCIO E DISTRIBUICAO - BA;53226414;ATACADAO SA;4270.40;6352;060 - ICMS cobrado por substituição tributária;46359;52681;1200;6322
26/01/2026;111820;ITAMBE COMERCIO E DISTRIBUICAO - BA;633.6000;ITAMBE COMERCIO E DISTRIBUICAO - BA;53226414;SENDAS DISTRIBUIDORA SA;5556.03;6352;060 - ICMS cobrado por substituição tributária;70066;79620;1200;9554
26/01/2026;111821;ITAMBE COMERCIO E DISTRIBUICAO - BA;196.4300;ITAMBE COMERCIO E DISTRIBUICAO - BA;53226414;MATEUS SUPERMERCADOS SA;2014.92;6352;060 - ICMS cobrado por substituição tributária;21722;24684;1200;2962
26/01/2026;111830;LACTALIS COMERCIO E DISTRIBUICAO - BA;585.9000;LACTALIS COMERCIO E DISTRIBUICAO - BA;53226415;SENDAS DISTRIBUIDORA SA;4061.20;6352;060 - ICMS cobrado por substituição tributária;73787;83849;1200;10062
26/01/2026;111831;LACTALIS COMERCIO E DISTRIBUICAO - BA;79.8900;LACTALIS COMERCIO E DISTRIBUICAO - BA;53226415;MATEUS SUPERMERCADOS SA;1799.00;6352;060 - ICMS cobrado por substituição tributária;10061;11433;1200;1372
26/01/2026;111832;LACTALIS COMERCIO E DISTRIBUICAO - BA;29.3100;LACTALIS COMERCIO E DISTRIBUICAO - BA;53226415;ATAKAREJO DIST DE ALIM E BEB SA;228.24;6352;060 - ICMS cobrado por substituição tributária;3691;4194;1200;503
26/01/2026;111833;ITAMBE COMERCIO E DISTRIBUICAO - BA;230.6600;ITAMBE COMERCIO E DISTRIBUICAO - BA;53226415;SENDAS DISTRIBUIDORA SA;2081.14;6352;060 - ICMS cobrado por substituição tributária;29050;33011;1200;3961
26/01/2026;111834;ITAMBE COMERCIO E DISTRIBUICAO - BA;844.6100;ITAMBE COMERCIO E DISTRIBUICAO - BA;53226415;MATEUS SUPERMERCADOS SA;10149.46;6352;060 - ICMS cobrado por substituição tributária;1.063,70;1.208,75;1200;14505
26/01/2026;111835;ITAMBE COMERCIO E DISTRIBUICAO - BA;339.5400;ITAMBE COMERCIO E DISTRIBUICAO - BA;53226415;ATAKAREJO DIST DE ALIM E BEB SA;4089.06;6352;060 - ICMS cobrado por substituição tributária;42764;48595;1200;5831
26/01/2026;111836;ITAMBE COMERCIO E DISTRIBUICAO - BA;470.4400;ITAMBE COMERCIO E DISTRIBUICAO - BA;53226415;ATAKAREJO DIST DE ALIM E BEB SA;5859.03;6352;060 - ICMS cobrado por substituição tributária;59249;67328;1200;8079
26/01/2026;111837;ITAMBE COMERCIO E DISTRIBUICAO - BA;533.2800;ITAMBE COMERCIO E DISTRIBUICAO - BA;53226415;ATAKAREJO DIST DE ALIM E BEB SA ATAKAREJO;6175.61;6352;060 - ICMS cobrado por substituição tributária;67163;76322;1200;9159
26/01/2026;111838;LACTALIS COMERCIO E DISTRIBUICAO - BA;661.1200;LACTALIS COMERCIO E DISTRIBUICAO - BA;53226417;SENDAS DISTRIBUIDORA SA;4255.12;6352;060 - ICMS cobrado por substituição tributária;98895;1.123,81;1200;13486
26/01/2026;111839;LACTALIS COMERCIO E DISTRIBUICAO - BA;352.4900;LACTALIS COMERCIO E DISTRIBUICAO - BA;53226417;WMS SUPERMERCADOS DO BRASIL LTDA;3232.68;6352;060 - ICMS cobrado por substituição tributária;52727;59917;1200;7190
26/01/2026;111840;LACTALIS COMERCIO E DISTRIBUICAO - BA;331.7000;LACTALIS COMERCIO E DISTRIBUICAO - BA;53226417;MATEUS SUPERMERCADOS SA;6334.20;6352;060 - ICMS cobrado por substituição tributária;49617;56383;1200;6766
26/01/2026;111841;ITAMBE COMERCIO E DISTRIBUICAO - BA;469.2900;ITAMBE COMERCIO E DISTRIBUICAO - BA;53226417;SENDAS DISTRIBUIDORA SA;4089.45;6352;060 - ICMS cobrado por substituição tributária;70199;79772;1200;9573
26/01/2026;111842;ITAMBE COMERCIO E DISTRIBUICAO - BA;351.9900;ITAMBE COMERCIO E DISTRIBUICAO - BA;53226417;WMS SUPERMERCADOS DO BRASIL LTDA;3672.80;6352;060 - ICMS cobrado por substituição tributária;52654;59834;1200;7180
26/01/2026;111843;ITAMBE COMERCIO E DISTRIBUICAO - BA;155.8600;ITAMBE COMERCIO E DISTRIBUICAO - BA;53226417;MATEUS SUPERMERCADOS SA;2013.64;6352;060 - ICMS cobrado por substituição tributária;23315;26494;1200;3179
26/01/2026;111848;ITAMBE COMERCIO E DISTRIBUICAO - BA;330.8200;ITAMBE COMERCIO E DISTRIBUICAO - BA;53226416;ATACADAO SA;3156.80;6352;060 - ICMS cobrado por substituição tributária;40768;46327;1200;5559
26/01/2026;111849;ITAMBE COMERCIO E DISTRIBUICAO - BA;730.3700;ITAMBE COMERCIO E DISTRIBUICAO - BA;53226416;ATAKAREJO DIST DE ALIM E BEB SA;11601.29;6352;060 - ICMS cobrado por substituição tributária;90012;1.022,86;1200;12274
26/01/2026;111850;ITAMBE COMERCIO E DISTRIBUICAO - BA;519.7900;ITAMBE COMERCIO E DISTRIBUICAO - BA;53226416;ATAKAREJO DIST DE ALIM E BEB SA;5623.15;6352;060 - ICMS cobrado por substituição tributária;64058;72793;1200;8735
26/01/2026;111851;ITAMBE COMERCIO E DISTRIBUICAO - BA;863.3800;ITAMBE COMERCIO E DISTRIBUICAO - BA;53226416;ATAKAREJO DIST DE ALIM E BEB SA ATAKAREJO;11519.72;6352;060 - ICMS cobrado por substituição tributária;1.064,01;1.209,10;1200;14509
26/01/2026;111852;LACTALIS COMERCIO E DISTRIBUICAO - BA;374.5900;LACTALIS COMERCIO E DISTRIBUICAO - BA;53226416;ATACADAO SA;3271.88;6352;060 - ICMS cobrado por substituição tributária;46165;52460;1200;6295
26/01/2026;111880;LACTALIS COMERCIO E DISTRIBUICAO - BA;864.4400;LACTALIS COMERCIO E DISTRIBUICAO - BA;53226413;SENDAS DISTRIBUIDORA SA;6019.94;6352;060 - ICMS cobrado por substituição tributária;82886;94189;1200;11303
26/01/2026;111881;LACTALIS COMERCIO E DISTRIBUICAO - BA;804.7500;LACTALIS COMERCIO E DISTRIBUICAO - BA;53226413;SENDAS DISTRIBUIDORA SA;5383.14;6352;060 - ICMS cobrado por substituição tributária;77163;87685;1200;10522
26/01/2026;111882;ITAMBE COMERCIO E DISTRIBUICAO - BA;1152.3500;ITAMBE COMERCIO E DISTRIBUICAO - BA;53226413;SENDAS DISTRIBUIDORA SA;10371.25;6352;060 - ICMS cobrado por substituição tributária;1.104,89;1.255,56;1200;15067
26/01/2026;111883;ITAMBE COMERCIO E DISTRIBUICAO - BA;801.7100;ITAMBE COMERCIO E DISTRIBUICAO - BA;53226413;SENDAS DISTRIBUIDORA SA;7429.15;6352;060 - ICMS cobrado por substituição tributária;76868;87350;1200;10482
26/01/2026;111929;ITAMBE COMERCIO E DISTRIBUICAO - BA;594.8900;ITAMBE COMERCIO E DISTRIBUICAO - BA;DIARIA NO CLIENTE;ATACADAO SA;5483.44;6352;060 - ICMS cobrado por substituição tributária;1.131,00;1.285,23;1200;15423
26/01/2026;111930;ITAMBE COMERCIO E DISTRIBUICAO - BA;594.8900;ITAMBE COMERCIO E DISTRIBUICAO - BA;DESCARGA;ATACADAO SA;5483.44;6352;060 - ICMS cobrado por substituição tributária;10166;11552;1200;1386
26/01/2026;111935;LACTALIS COMERCIO E DISTRIBUICAO - BA;2233.4000;LACTALIS COMERCIO E DISTRIBUICAO - BA;DESCARGA;ATACADAO SA;20902.18;6352;060 - ICMS cobrado por substituição tributária;32385;36801;1200;4416
26/01/2026;111936;LACTALIS COMERCIO E DISTRIBUICAO - BA;778.7200;LACTALIS COMERCIO E DISTRIBUICAO - BA;PEDAGIO;ATACADAO SA;7380.04;6352;060 - ICMS cobrado por substituição tributária;10780;12250;1200;1470
26/01/2026;111937;LACTALIS COMERCIO E DISTRIBUICAO - BA;729.4600;LACTALIS COMERCIO E DISTRIBUICAO - BA;DIARIA NO CLIENTE;SENDAS DISTRIBUIDORA SA;6667.70;6352;060 - ICMS cobrado por substituição tributária;1.131,00;1.285,23;1200;15423
26/01/2026;111943;ITAMBE COMERCIO E DISTRIBUICAO - BA;332.2500;ITAMBE COMERCIO E DISTRIBUICAO - BA;DESCARGA;ATAKAREJO DIST DE ALIM E BEB SA;3620.41;6352;060 - ICMS cobrado por substituição tributária;21019;23885;1200;2866
26/01/2026;111944;ITAMBE COMERCIO E DISTRIBUICAO - BA;907.0200;ITAMBE COMERCIO E DISTRIBUICAO - BA;PEDAGIO;ATAKAREJO DIST DE ALIM E BEB SA;10017.66;6352;060 - ICMS cobrado por substituição tributária;7700;8750;1200;1050
26/01/2026;111949;LACTALIS COMERCIO E DISTRIBUICAO - BA;562.5700;LACTALIS COMERCIO E DISTRIBUICAO - BA;DESCARGA;SENDAS DISTRIBUIDORA SA;5671.68;6352;060 - ICMS cobrado por substituição tributária;51337;58338;1200;7001
26/01/2026;111950;LACTALIS COMERCIO E DISTRIBUICAO - BA;512.9100;LACTALIS COMERCIO E DISTRIBUICAO - BA;PEDAGIO;SENDAS DISTRIBUIDORA SA;6082.92;6352;060 - ICMS cobrado por substituição tributária;3080;3500;1200;420
30/01/2026;112283;ITAMBE COMERCIO E DISTRIBUICAO - BA;123.0900;ITAMBE COMERCIO E DISTRIBUICAO - BA;Descarga;ATAKAREJO DIST DE ALIM E BEB SA;1732.11;6352;060 - ICMS cobrado por substituição tributária;70289;79874;1200;9585
30/01/2026;112284;ITAMBE COMERCIO E DISTRIBUICAO - BA;276.6600;ITAMBE COMERCIO E DISTRIBUICAO - BA;Descarga;CASA DA BAVIERA LTDA;5006.40;6352;060 - ICMS cobrado por substituição tributária;23100;26250;1200;3150
30/01/2026;112285;ITAMBE COMERCIO E DISTRIBUICAO - BA;276.6600;ITAMBE COMERCIO E DISTRIBUICAO - BA;Pedagio;CASA DA BAVIERA LTDA;5006.40;6352;060 - ICMS cobrado por substituição tributária;9240;10500;1200;1260
30/01/2026;112291;LACTALIS COMERCIO E DISTRIBUICAO - BA;618.1800;LACTALIS COMERCIO E DISTRIBUICAO - BA;DESCARGA;ATAKAREJO DIST DE ALIM E BEB SA;7081.48;6352;060 - ICMS cobrado por substituição tributária;1.164,04;1.322,77;1200;15873
30/01/2026;112292;LACTALIS COMERCIO E DISTRIBUICAO - BA;746.5700;LACTALIS COMERCIO E DISTRIBUICAO - BA;PEDAGIO;ATAKAREJO DIST DE ALIM E BEB SA;7648.20;6352;060 - ICMS cobrado por substituição tributária;14290;16239;1200;1949
02/02/2026;112306;LACTALIS COMERCIO E DISTRIBUICAO - BA;1374.2400;LACTALIS COMERCIO E DISTRIBUICAO - BA;53247638;CENCOSUD BRASIL COMERCIAL LTDA CENCOSUD BRASIL COMERCIAL LTD;15162.54;6352;060 - ICMS cobrado por substituição tributária;3.474,06;3.947,80;1200;47374
02/02/2026;112307;LACTALIS COMERCIO E DISTRIBUICAO - BA;3274.8100;LACTALIS COMERCIO E DISTRIBUICAO - BA;53247636;SENDAS DISTRIBUIDORA SA;49078.62;6352;060 - ICMS cobrado por substituição tributária;3.474,05;3.947,78;1200;47373
02/02/2026;112308;LACTALIS COMERCIO E DISTRIBUICAO - BA;1115.4300;LACTALIS COMERCIO E DISTRIBUICAO - BA;53247634;ATAKAREJO DIST DE ALIM E BEB SA;14393.16;6352;060 - ICMS cobrado por substituição tributária;1.139,58;1.294,98;1200;15540
02/02/2026;112309;LACTALIS COMERCIO E DISTRIBUICAO - BA;1608.6000;LACTALIS COMERCIO E DISTRIBUICAO - BA;53247634;ATAKAREJO DIST DE ALIM E BEB SA ATAKAREJO;17960.88;6352;060 - ICMS cobrado por substituição tributária;1.643,46;1.867,57;1200;22411
02/02/2026;112310;ITAMBE COMERCIO E DISTRIBUICAO - BA;210.3400;ITAMBE COMERCIO E DISTRIBUICAO - BA;53247634;ATAKAREJO DIST DE ALIM E BEB SA;2528.64;6352;060 - ICMS cobrado por substituição tributária;21489;24419;1200;2930
02/02/2026;112311;ITAMBE COMERCIO E DISTRIBUICAO - BA;466.0000;ITAMBE COMERCIO E DISTRIBUICAO - BA;53247634;ATAKAREJO DIST DE ALIM E BEB SA ATAKAREJO;5782.15;6352;060 - ICMS cobrado por substituição tributária;47610;54102;1200;6492
02/02/2026;112313;LACTALIS COMERCIO E DISTRIBUICAO - BA;3388.9500;LACTALIS COMERCIO E DISTRIBUICAO - BA;53247635;SENDAS DISTRIBUIDORA SA;37825.94;6352;060 - ICMS cobrado por substituição tributária;3.474,01;3.947,74;1200;47373
02/02/2026;112314;LACTALIS COMERCIO E DISTRIBUICAO - BA;1394.9700;LACTALIS COMERCIO E DISTRIBUICAO - BA;53247633;ATACADAO SA;24579.96;6352;060 - ICMS cobrado por substituição tributária;1.416,97;1.610,19;1200;19322
02/02/2026;112315;LACTALIS COMERCIO E DISTRIBUICAO - BA;1545.7500;LACTALIS COMERCIO E DISTRIBUICAO - BA;53247633;MATEUS SUPERMERCADOS SA;18216.20;6352;060 - ICMS cobrado por substituição tributária;1.570,07;1.784,17;1200;21410
02/02/2026;112316;ITAMBE COMERCIO E DISTRIBUICAO - BA;309.0300;ITAMBE COMERCIO E DISTRIBUICAO - BA;53247633;ATACADAO SA;4224.96;6352;060 - ICMS cobrado por substituição tributária;31390;35670;1200;4280
02/02/2026;112317;ITAMBE COMERCIO E DISTRIBUICAO - BA;170.4300;ITAMBE COMERCIO E DISTRIBUICAO - BA;53247633;MATEUS SUPERMERCADOS SA;1776.51;6352;060 - ICMS cobrado por substituição tributária;17311;19672;1200;2361
02/02/2026;112331;ITAMBE COMERCIO E DISTRIBUICAO - BA;173.6500;ITAMBE COMERCIO E DISTRIBUICAO - BA;53247637;ATAKAREJO DIST DE ALIM E BEB SA;1948.80;6352;060 - ICMS cobrado por substituição tributária;21242;24139;1200;2897
02/02/2026;112332;LACTALIS COMERCIO E DISTRIBUICAO - BA;2040.4800;LACTALIS COMERCIO E DISTRIBUICAO - BA;53247637;SENDAS DISTRIBUIDORA SA;23830.14;6352;060 - ICMS cobrado por substituição tributária;2.496,06;2.836,43;1200;34037
02/02/2026;112333;LACTALIS COMERCIO E DISTRIBUICAO - BA;991.5100;LACTALIS COMERCIO E DISTRIBUICAO - BA;53247637;ATAKAREJO DIST DE ALIM E BEB SA;12819.56;6352;060 - ICMS cobrado por substituição tributária;1.212,86;1.378,25;1200;16539
07/02/2026;112752;LACTALIS COMERCIO E DISTRIBUICAO - BA;895.7000;LACTALIS COMERCIO E DISTRIBUICAO - BA;53266876;SENDAS DISTRIBUIDORA SA;6641.54;6352;060 - ICMS cobrado por substituição tributária;1.297,00;1.473,86;1200;17686
07/02/2026;112753;LACTALIS COMERCIO E DISTRIBUICAO - BA;610.7000;LACTALIS COMERCIO E DISTRIBUICAO - BA;53266876;WMS SUPERMERCADOS DO BRASIL LTDA;5589.04;6352;060 - ICMS cobrado por substituição tributária;88430;1.004,89;1200;12059
07/02/2026;112754;ITAMBE COMERCIO E DISTRIBUICAO - BA;108.4300;ITAMBE COMERCIO E DISTRIBUICAO - BA;53266876;CHOCOLAMOUR COM TORTAS FINAS LTDA E;2199.56;6352;060 - ICMS cobrado por substituição tributária;15701;17842;1200;2141
07/02/2026;112755;ITAMBE COMERCIO E DISTRIBUICAO - BA;276.6600;ITAMBE COMERCIO E DISTRIBUICAO - BA;53266876;CASA DA BAVIERA LTDA;5006.40;6352;060 - ICMS cobrado por substituição tributária;40062;45525;1200;5463
07/02/2026;112756;ITAMBE COMERCIO E DISTRIBUICAO - BA;507.6600;ITAMBE COMERCIO E DISTRIBUICAO - BA;53266876;MATEUS SUPERMERCADOS SA;5775.20;6352;060 - ICMS cobrado por substituição tributária;73510;83534;1200;10024
09/02/2026;112757;LACTALIS COMERCIO E DISTRIBUICAO - BA;649.1100;LACTALIS COMERCIO E DISTRIBUICAO - BA;53266874;ATACADAO SA;5605.44;6352;060 - ICMS cobrado por substituição tributária;61971;70422;1200;8451
09/02/2026;112758;LACTALIS COMERCIO E DISTRIBUICAO - BA;935.6900;LACTALIS COMERCIO E DISTRIBUICAO - BA;53266874;ATAKAREJO DIST DE ALIM E BEB SA;13062.44;6352;060 - ICMS cobrado por substituição tributária;89333;1.015,15;1200;12182
09/02/2026;112759;LACTALIS COMERCIO E DISTRIBUICAO - BA;893.7400;LACTALIS COMERCIO E DISTRIBUICAO - BA;53266874;ATAKAREJO DIST DE ALIM E BEB SA;9071.72;6352;060 - ICMS cobrado por substituição tributária;85324;96959;1200;11635
09/02/2026;112760;ITAMBE COMERCIO E DISTRIBUICAO - BA;908.8200;ITAMBE COMERCIO E DISTRIBUICAO - BA;53266874;ATAKAREJO DIST DE ALIM E BEB SA;9561.02;6352;060 - ICMS cobrado por substituição tributária;86768;98600;1200;11832
09/02/2026;112761;ITAMBE COMERCIO E DISTRIBUICAO - BA;251.4800;ITAMBE COMERCIO E DISTRIBUICAO - BA;53266874;ATAKAREJO DIST DE ALIM E BEB SA;2421.60;6352;060 - ICMS cobrado por substituição tributária;24013;27288;1200;3275
09/02/2026;112763;LACTALIS COMERCIO E DISTRIBUICAO - BA;214.2900;LACTALIS COMERCIO E DISTRIBUICAO - BA;53266877;ATAKAREJO DIST DE ALIM E BEB SA;2136.36;6352;060 - ICMS cobrado por substituição tributária;37654;42789;1200;5135
09/02/2026;112764;LACTALIS COMERCIO E DISTRIBUICAO - BA;284.6400;LACTALIS COMERCIO E DISTRIBUICAO - BA;53266877;ATAKAREJO DIST DE ALIM E BEB SA;3804.82;6352;060 - ICMS cobrado por substituição tributária;50018;56839;1200;6821
09/02/2026;112765;LACTALIS COMERCIO E DISTRIBUICAO - BA;838.0500;LACTALIS COMERCIO E DISTRIBUICAO - BA;53266877;ATAKAREJO DIST DE ALIM E BEB SA ATAKAREJO;9569.54;6352;060 - ICMS cobrado por substituição tributária;1.472,65;1.673,47;1200;20082
09/02/2026;112766;ITAMBE COMERCIO E DISTRIBUICAO - BA;172.0000;ITAMBE COMERCIO E DISTRIBUICAO - BA;53266877;ATAKAREJO DIST DE ALIM E BEB SA;1796.57;6352;060 - ICMS cobrado por substituição tributária;30224;34345;1200;4121
09/02/2026;112767;ITAMBE COMERCIO E DISTRIBUICAO - BA;259.0300;ITAMBE COMERCIO E DISTRIBUICAO - BA;53266877;ATAKAREJO DIST DE ALIM E BEB SA;3431.66;6352;060 - ICMS cobrado por substituição tributária;45516;51723;1200;6207
09/02/2026;112768;ITAMBE COMERCIO E DISTRIBUICAO - BA;463.5600;ITAMBE COMERCIO E DISTRIBUICAO - BA;53266877;ATAKAREJO DIST DE ALIM E BEB SA ATAKAREJO;6393.44;6352;060 - ICMS cobrado por substituição tributária;81457;92565;1200;11108
09/02/2026;112815;ITAMBE COMERCIO E DISTRIBUICAO - BA;311.9400;ITAMBE COMERCIO E DISTRIBUICAO - BA;DIARIA NO CLIENTE;ATAKAREJO DIST DE ALIM E BEB SA;3839.41;6352;060 - ICMS cobrado por substituição tributária;56550;64261;1200;7711
09/02/2026;112816;ITAMBE COMERCIO E DISTRIBUICAO - BA;115.4700;ITAMBE COMERCIO E DISTRIBUICAO - BA;DIARIA NO CLIENTE;MATEUS SUPERMERCADOS SA;2225.40;6352;060 - ICMS cobrado por substituição tributária;56550;64261;1200;7711
09/02/2026;112876;LACTALIS COMERCIO E DISTRIBUICAO - BA;618.1800;LACTALIS COMERCIO E DISTRIBUICAO - BA;PEDAGIO;ATAKAREJO DIST DE ALIM E BEB SA;7081.48;6352;060 - ICMS cobrado por substituição tributária;1540;1750;1200;210
09/02/2026;112877;LACTALIS COMERCIO E DISTRIBUICAO - BA;814.0800;LACTALIS COMERCIO E DISTRIBUICAO - BA;PEDAGIO;MATEUS SUPERMERCADOS SA;11071.16;6352;060 - ICMS cobrado por substituição tributária;1540;1750;1200;210
09/02/2026;112878;LACTALIS COMERCIO E DISTRIBUICAO - BA;1757.3900;LACTALIS COMERCIO E DISTRIBUICAO - BA;DESCARGA;SENDAS DISTRIBUIDORA SA;31016.70;6352;060 - ICMS cobrado por substituição tributária;10000;11364;1200;1364
09/02/2026;112879;LACTALIS COMERCIO E DISTRIBUICAO - BA;1511.2800;LACTALIS COMERCIO E DISTRIBUICAO - BA;DESCARGA;SENDAS DISTRIBUIDORA SA;28469.86;6352;060 - ICMS cobrado por substituição tributária;13500;15341;1200;1841
09/02/2026;112880;LACTALIS COMERCIO E DISTRIBUICAO - BA;949.6700;LACTALIS COMERCIO E DISTRIBUICAO - BA;DESCARGA;SENDAS DISTRIBUIDORA SA;13549.58;6352;060 - ICMS cobrado por substituição tributária;3700;4205;1200;505
09/02/2026;112881;LACTALIS COMERCIO E DISTRIBUICAO - BA;949.6700;LACTALIS COMERCIO E DISTRIBUICAO - BA;DESCARGA;SENDAS DISTRIBUIDORA SA;13549.58;6352;060 - ICMS cobrado por substituição tributária;11600;13182;1200;1582
09/02/2026;112882;LACTALIS COMERCIO E DISTRIBUICAO - BA;313.7700;LACTALIS COMERCIO E DISTRIBUICAO - BA;DESCARGA;WMS SUPERMERCADOS DO BRASIL LTDA;3067.32;6352;060 - ICMS cobrado por substituição tributária;1963;2231;1200;268
09/02/2026;112883;LACTALIS COMERCIO E DISTRIBUICAO - BA;1022.3200;LACTALIS COMERCIO E DISTRIBUICAO - BA;DESCARGA;ATAKAREJO DIST DE ALIM E BEB SA ATAKAREJO;12094.04;6352;060 - ICMS cobrado por substituição tributária;4600;5227;1200;627
10/02/2026;112955;ITAMBE COMERCIO E DISTRIBUICAO - BA;301.0500;ITAMBE COMERCIO E DISTRIBUICAO - BA;PEDAGIO;ATAKAREJO DISTRIB DE ALIMENTOS E BE ATAKAREJO DISTRIB DE ALI;1701.00;6352;060 - ICMS cobrado por substituição tributária;1540;1750;1200;210
10/02/2026;112956;ITAMBE COMERCIO E DISTRIBUICAO - BA;115.4700;ITAMBE COMERCIO E DISTRIBUICAO - BA;PEDAGIO;MATEUS SUPERMERCADOS SA;2225.40;6352;060 - ICMS cobrado por substituição tributária;1540;1750;1200;210
10/02/2026;112957;ITAMBE COMERCIO E DISTRIBUICAO - BA;311.9400;ITAMBE COMERCIO E DISTRIBUICAO - BA;DESCARGA;ATAKAREJO DIST DE ALIM E BEB SA;3839.41;6352;060 - ICMS cobrado por substituição tributária;1602;1820;1200;218
10/02/2026;112958;ITAMBE COMERCIO E DISTRIBUICAO - BA;301.0500;ITAMBE COMERCIO E DISTRIBUICAO - BA;DESCARGA;ATAKAREJO DISTRIB DE ALIMENTOS E BE ATAKAREJO DISTRIB DE ALI;1701.00;6352;060 - ICMS cobrado por substituição tributária;2100;2386;1200;286
10/02/2026;112961;ITAMBE COMERCIO E DISTRIBUICAO - BA;658.2200;ITAMBE COMERCIO E DISTRIBUICAO - BA;DESCARGA;ATAKAREJO DIST DE ALIM E BEB SA ATAKAREJO;7135.09;6352;060 - ICMS cobrado por substituição tributária;2962;3366;1200;404
10/02/2026;112964;ITAMBE COMERCIO E DISTRIBUICAO - BA;2740.5200;ITAMBE COMERCIO E DISTRIBUICAO - BA;DESCARGA;DISTRIBUIDORA TIO LUIZ LTDA;29445.06;6352;060 - ICMS cobrado por substituição tributária;36000;40909;1200;4909
11/02/2026;113127;ITAMBE COMERCIO E DISTRIBUICAO - BA;730.3700;ITAMBE COMERCIO E DISTRIBUICAO - BA;DESPESAS ADICIONAIS;ATAKAREJO DIST DE ALIM E BEB SA;11601.29;6352;060 - ICMS cobrado por substituição tributária;87441;99365;1200;11924
11/02/2026;113129;LACTALIS COMERCIO E DISTRIBUICAO - BA;585.9000;LACTALIS COMERCIO E DISTRIBUICAO - BA;DESPESAS ADICIONAIS;SENDAS DISTRIBUIDORA SA;4061.20;6352;060 - ICMS cobrado por substituição tributária;49003;55685;1200;6682
16/02/2026;113249;LACTALIS COMERCIO E DISTRIBUICAO - BA;778.4800;LACTALIS COMERCIO E DISTRIBUICAO - BA;53284691;ATACADAO SA;7779.04;6352;060 - ICMS cobrado por substituição tributária;90133;1.024,24;1200;12291
16/02/2026;113250;LACTALIS COMERCIO E DISTRIBUICAO - BA;1108.9500;LACTALIS COMERCIO E DISTRIBUICAO - BA;53284691;ATAKAREJO DIST DE ALIM E BEB SA ATAKAREJO;11565.30;6352;060 - ICMS cobrado por substituição tributária;1.283,94;1.459,02;1200;17508
16/02/2026;113251;ITAMBE COMERCIO E DISTRIBUICAO - BA;361.1300;ITAMBE COMERCIO E DISTRIBUICAO - BA;53284691;MERCANTIL RODRIGUES COMERCIAL LTDA;3252.94;6352;060 - ICMS cobrado por substituição tributária;41813;47515;1200;5702
16/02/2026;113252;ITAMBE COMERCIO E DISTRIBUICAO - BA;337.5300;ITAMBE COMERCIO E DISTRIBUICAO - BA;53284691;ATACADAO SA;3365.36;6352;060 - ICMS cobrado por substituição tributária;39082;44411;1200;5329
16/02/2026;113253;ITAMBE COMERCIO E DISTRIBUICAO - BA;414.4300;ITAMBE COMERCIO E DISTRIBUICAO - BA;53284691;ATAKAREJO DIST DE ALIM E BEB SA ATAKAREJO;5380.89;6352;060 - ICMS cobrado por substituição tributária;47982;54525;1200;6543
16/02/2026;113254;LACTALIS COMERCIO E DISTRIBUICAO - BA;1661.1200;LACTALIS COMERCIO E DISTRIBUICAO - BA;53284676;SENDAS DISTRIBUIDORA SA;20973.00;6352;060 - ICMS cobrado por substituição tributária;1.764,63;2.005,26;1200;24063
16/02/2026;113255;LACTALIS COMERCIO E DISTRIBUICAO - BA;97.6500;LACTALIS COMERCIO E DISTRIBUICAO - BA;53284676;WMS SUPERMERCADOS DO BRASIL LTDA;1318.32;6352;060 - ICMS cobrado por substituição tributária;10373;11788;1200;1415
16/02/2026;113256;ITAMBE COMERCIO E DISTRIBUICAO - BA;1029.0500;ITAMBE COMERCIO E DISTRIBUICAO - BA;53284676;SENDAS DISTRIBUIDORA SA;8878.58;6352;060 - ICMS cobrado por substituição tributária;1.093,19;1.242,26;1200;14907
16/02/2026;113257;ITAMBE COMERCIO E DISTRIBUICAO - BA;249.7500;ITAMBE COMERCIO E DISTRIBUICAO - BA;53284676;WMS SUPERMERCADOS DO BRASIL LTDA;2470.52;6352;060 - ICMS cobrado por substituição tributária;26531;30149;1200;3618
16/02/2026;113258;ITAMBE COMERCIO E DISTRIBUICAO - BA;232.7200;ITAMBE COMERCIO E DISTRIBUICAO - BA;53284676;MATEUS SUPERMERCADOS SA;3235.68;6352;060 - ICMS cobrado por substituição tributária;24722;28093;1200;3371
16/02/2026;113259;LACTALIS COMERCIO E DISTRIBUICAO - BA;1554.2200;LACTALIS COMERCIO E DISTRIBUICAO - BA;53284679;SENDAS DISTRIBUIDORA SA;23111.54;6352;060 - ICMS cobrado por substituição tributária;1.750,15;1.988,81;1200;23866
16/02/2026;113260;ITAMBE COMERCIO E DISTRIBUICAO - BA;1318.6600;ITAMBE COMERCIO E DISTRIBUICAO - BA;53284679;SENDAS DISTRIBUIDORA SA;11741.58;6352;060 - ICMS cobrado por substituição tributária;1.484,86;1.687,34;1200;20248
16/02/2026;113261;ITAMBE COMERCIO E DISTRIBUICAO - BA;212.3100;ITAMBE COMERCIO E DISTRIBUICAO - BA;53284679;MATEUS SUPERMERCADOS SA;2882.78;6352;060 - ICMS cobrado por substituição tributária;23908;27168;1200;3260
16/02/2026;113262;LACTALIS COMERCIO E DISTRIBUICAO - BA;370.2500;LACTALIS COMERCIO E DISTRIBUICAO - BA;53284677;ATACADAO SA;3879.12;6352;060 - ICMS cobrado por substituição tributária;38156;43359;1200;5203
16/02/2026;113263;LACTALIS COMERCIO E DISTRIBUICAO - BA;980.9400;LACTALIS COMERCIO E DISTRIBUICAO - BA;53284677;ATAKAREJO DIST DE ALIM E BEB SA;14401.00;6352;060 - ICMS cobrado por substituição tributária;1.010,91;1.148,76;1200;13785
16/02/2026;113264;LACTALIS COMERCIO E DISTRIBUICAO - BA;860.1600;LACTALIS COMERCIO E DISTRIBUICAO - BA;53284677;ATAKAREJO DIST DE ALIM E BEB SA;9718.64;6352;060 - ICMS cobrado por substituição tributária;88647;1.007,35;1200;12088
16/02/2026;113265;ITAMBE COMERCIO E DISTRIBUICAO - BA;352.0100;ITAMBE COMERCIO E DISTRIBUICAO - BA;53284677;ATACADAO SA;3453.44;6352;060 - ICMS cobrado por substituição tributária;36277;41224;1200;4947
16/02/2026;113266;ITAMBE COMERCIO E DISTRIBUICAO - BA;540.6100;ITAMBE COMERCIO E DISTRIBUICAO - BA;53284677;ATAKAREJO DIST DE ALIM E BEB SA;7619.98;6352;060 - ICMS cobrado por substituição tributária;55712;63309;1200;7597
16/02/2026;113267;ITAMBE COMERCIO E DISTRIBUICAO - BA;267.2100;ITAMBE COMERCIO E DISTRIBUICAO - BA;53284677;ATAKAREJO DIST DE ALIM E BEB SA;2930.04;6352;060 - ICMS cobrado por substituição tributária;27536;31291;1200;3755
16/02/2026;113268;LACTALIS COMERCIO E DISTRIBUICAO - BA;28.8200;LACTALIS COMERCIO E DISTRIBUICAO - BA;53284678;SENDAS DISTRIBUIDORA SA;1109.11;6352;060 - ICMS cobrado por substituição tributária;3259;3703;1200;444
16/02/2026;113269;LACTALIS COMERCIO E DISTRIBUICAO - BA;2368.3800;LACTALIS COMERCIO E DISTRIBUICAO - BA;53284678;SENDAS DISTRIBUIDORA SA;39591.95;6352;060 - ICMS cobrado por substituição tributária;2.678,58;3.043,84;1200;36526
16/02/2026;113270;ITAMBE COMERCIO E DISTRIBUICAO - BA;674.5500;ITAMBE COMERCIO E DISTRIBUICAO - BA;53284678;SENDAS DISTRIBUIDORA SA;6440.08;6352;060 - ICMS cobrado por substituição tributária;76289;86692;1200;10403
16/02/2026;113271;LACTALIS COMERCIO E DISTRIBUICAO - BA;352.1600;LACTALIS COMERCIO E DISTRIBUICAO - BA;53284675;SENDAS DISTRIBUIDORA SA;4180.48;6352;060 - ICMS cobrado por substituição tributária;42804;48641;1200;5837
16/02/2026;113272;LACTALIS COMERCIO E DISTRIBUICAO - BA;136.3100;LACTALIS COMERCIO E DISTRIBUICAO - BA;53284675;ATAKAREJO DIST DE ALIM E BEB SA;1454.06;6352;060 - ICMS cobrado por substituição tributária;16567;18826;1200;2259
16/02/2026;113273;LACTALIS COMERCIO E DISTRIBUICAO - BA;339.8400;LACTALIS COMERCIO E DISTRIBUICAO - BA;53284675;ATAKAREJO DIST DE ALIM E BEB SA;3807.60;6352;060 - ICMS cobrado por substituição tributária;41305;46938;1200;5633
16/02/2026;113274;LACTALIS COMERCIO E DISTRIBUICAO - BA;1109.2200;LACTALIS COMERCIO E DISTRIBUICAO - BA;53284675;ATAKAREJO DIST DE ALIM E BEB SA ATAKAREJO;13314.12;6352;060 - ICMS cobrado por substituição tributária;1.348,17;1.532,01;1200;18384
16/02/2026;113275;ITAMBE COMERCIO E DISTRIBUICAO - BA;272.4700;ITAMBE COMERCIO E DISTRIBUICAO - BA;53284675;SENDAS DISTRIBUIDORA SA;2280.97;6352;060 - ICMS cobrado por substituição tributária;33117;37633;1200;4516
16/02/2026;113276;ITAMBE COMERCIO E DISTRIBUICAO - BA;223.2400;ITAMBE COMERCIO E DISTRIBUICAO - BA;53284675;ATAKAREJO DIST DE ALIM E BEB SA;2902.68;6352;060 - ICMS cobrado por substituição tributária;27132;30832;1200;3700
16/02/2026;113277;ITAMBE COMERCIO E DISTRIBUICAO - BA;317.0800;ITAMBE COMERCIO E DISTRIBUICAO - BA;53284675;ATAKAREJO DIST DE ALIM E BEB SA;4036.01;6352;060 - ICMS cobrado por substituição tributária;38539;43794;1200;5255
16/02/2026;113278;ITAMBE COMERCIO E DISTRIBUICAO - BA;475.9800;ITAMBE COMERCIO E DISTRIBUICAO - BA;53284675;ATAKAREJO DIST DE ALIM E BEB SA ATAKAREJO;6559.42;6352;060 - ICMS cobrado por substituição tributária;57854;65743;1200;7889
16/02/2026;113317;ITAMBE COMERCIO E DISTRIBUICAO - BA;2893.3800;ITAMBE COMERCIO E DISTRIBUICAO - BA;53284680;DISTRIBUIDORA TIO LUIZ LTDA;25684.68;6352;060 - ICMS cobrado por substituição tributária;3.921,34;4.456,07;1200;53473
20/02/2026;113562;ITAMBE COMERCIO E DISTRIBUICAO - BA;507.6600;ITAMBE COMERCIO E DISTRIBUICAO - BA;DESPESAS ADICIONAIS;MATEUS SUPERMERCADOS SA;5775.20;6352;060 - ICMS cobrado por substituição tributária;89050;1.011,93;1200;12143
20/02/2026;113564;LACTALIS COMERCIO E DISTRIBUICAO - BA;649.1100;LACTALIS COMERCIO E DISTRIBUICAO - BA;DESPESAS ADICIONAIS;ATACADAO SA;5605.44;6352;060 - ICMS cobrado por substituição tributária;1.779,10;2.021,70;1200;24260
23/02/2026;113570;LACTALIS COMERCIO E DISTRIBUICAO - BA;967.5500;LACTALIS COMERCIO E DISTRIBUICAO - BA;53300913;ATACADAO SA;8759.68;6352;060 - ICMS cobrado por substituição tributária;97443;1.107,31;1200;13288
23/02/2026;113571;LACTALIS COMERCIO E DISTRIBUICAO - BA;1145.8800;LACTALIS COMERCIO E DISTRIBUICAO - BA;53300913;MATEUS SUPERMERCADOS SA;12390.20;6352;060 - ICMS cobrado por substituição tributária;1.154,01;1.311,38;1200;15737
23/02/2026;113573;ITAMBE COMERCIO E DISTRIBUICAO - BA;770.8400;ITAMBE COMERCIO E DISTRIBUICAO - BA;53300913;ATACADAO SA;7782.06;6352;060 - ICMS cobrado por substituição tributária;77629;88215;1200;10586
23/02/2026;113574;ITAMBE COMERCIO E DISTRIBUICAO - BA;565.3800;ITAMBE COMERCIO E DISTRIBUICAO - BA;53300913;MATEUS SUPERMERCADOS SA;7911.72;6352;060 - ICMS cobrado por substituição tributária;56938;64702;1200;7764
23/02/2026;113579;LACTALIS COMERCIO E DISTRIBUICAO - BA;562.8800;LACTALIS COMERCIO E DISTRIBUICAO - BA;53300917;SENDAS DISTRIBUIDORA SA;14835.34;6352;060 - ICMS cobrado por substituição tributária;68510;77852;1200;9342
23/02/2026;113580;LACTALIS COMERCIO E DISTRIBUICAO - BA;730.9700;LACTALIS COMERCIO E DISTRIBUICAO - BA;53300917;SENDAS DISTRIBUIDORA SA;15439.10;6352;060 - ICMS cobrado por substituição tributária;88970;1.011,02;1200;12132
23/02/2026;113581;LACTALIS COMERCIO E DISTRIBUICAO - BA;799.2300;LACTALIS COMERCIO E DISTRIBUICAO - BA;53300917;ATAKAREJO DIST DE ALIM E BEB SA ATAKAREJO;8587.60;6352;060 - ICMS cobrado por substituição tributária;97276;1.105,41;1200;13265
23/02/2026;113582;ITAMBE COMERCIO E DISTRIBUICAO - BA;206.3800;ITAMBE COMERCIO E DISTRIBUICAO - BA;53300917;SENDAS DISTRIBUIDORA SA;2376.18;6352;060 - ICMS cobrado por substituição tributária;25119;28544;1200;3425
23/02/2026;113583;ITAMBE COMERCIO E DISTRIBUICAO - BA;247.1600;ITAMBE COMERCIO E DISTRIBUICAO - BA;53300917;SENDAS DISTRIBUIDORA SA;2714.42;6352;060 - ICMS cobrado por substituição tributária;30083;34185;1200;4102
23/02/2026;113584;ITAMBE COMERCIO E DISTRIBUICAO - BA;307.7400;ITAMBE COMERCIO E DISTRIBUICAO - BA;53300917;ATAKAREJO DIST DE ALIM E BEB SA ATAKAREJO;3105.90;6352;060 - ICMS cobrado por substituição tributária;37457;42565;1200;5108
23/02/2026;113595;LACTALIS COMERCIO E DISTRIBUICAO - BA;477.9100;LACTALIS COMERCIO E DISTRIBUICAO - BA;53300912;ATACADAO SA;4065.84;6352;060 - ICMS cobrado por substituição tributária;47822;54343;1200;6521
23/02/2026;113596;LACTALIS COMERCIO E DISTRIBUICAO - BA;1204.4700;LACTALIS COMERCIO E DISTRIBUICAO - BA;53300912;ATAKAREJO DIST DE ALIM E BEB SA;14959.58;6352;060 - ICMS cobrado por substituição tributária;1.205,25;1.369,60;1200;16435
23/02/2026;113597;ITAMBE COMERCIO E DISTRIBUICAO - BA;404.0300;ITAMBE COMERCIO E DISTRIBUICAO - BA;53300912;ATACADAO SA;4437.66;6352;060 - ICMS cobrado por substituição tributária;40430;45943;1200;5513
23/02/2026;113598;ITAMBE COMERCIO E DISTRIBUICAO - BA;570.5000;ITAMBE COMERCIO E DISTRIBUICAO - BA;53300912;SELMA PRADO FONTES COM DE ALIM LTDA;8744.88;6352;060 - ICMS cobrado por substituição tributária;57086;64870;1200;7784
23/02/2026;113599;ITAMBE COMERCIO E DISTRIBUICAO - BA;150.3000;ITAMBE COMERCIO E DISTRIBUICAO - BA;53300912;CASA DA BAVIERA LTDA;2608.80;6352;060 - ICMS cobrado por substituição tributária;15040;17091;1200;2051
23/02/2026;113600;ITAMBE COMERCIO E DISTRIBUICAO - BA;664.6100;ITAMBE COMERCIO E DISTRIBUICAO - BA;53300912;ATAKAREJO DIST DE ALIM E BEB SA;6774.89;6352;060 - ICMS cobrado por substituição tributária;66505;75574;1200;9069
23/02/2026;113602;LACTALIS COMERCIO E DISTRIBUICAO - BA;135.8700;LACTALIS COMERCIO E DISTRIBUICAO - BA;53300914;MATEUS SUPERMERCADOS SA;1137.66;6352;060 - ICMS cobrado por substituição tributária;16824;19118;1200;2294
23/02/2026;113603;LACTALIS COMERCIO E DISTRIBUICAO - BA;290.0600;LACTALIS COMERCIO E DISTRIBUICAO - BA;53300914;ATAKAREJO DIST DE ALIM E BEB SA;3073.85;6352;060 - ICMS cobrado por substituição tributária;35918;40816;1200;4898
23/02/2026;113604;LACTALIS COMERCIO E DISTRIBUICAO - BA;385.9400;LACTALIS COMERCIO E DISTRIBUICAO - BA;53300914;ATAKAREJO DIST DE ALIM E BEB SA;3400.47;6352;060 - ICMS cobrado por substituição tributária;47788;54305;1200;6517
23/02/2026;113605;LACTALIS COMERCIO E DISTRIBUICAO - BA;741.1800;LACTALIS COMERCIO E DISTRIBUICAO - BA;53300914;ATAKAREJO DIST DE ALIM E BEB SA ATAKAREJO;9379.76;6352;060 - ICMS cobrado por substituição tributária;91776;1.042,91;1200;12515
23/02/2026;113606;ITAMBE COMERCIO E DISTRIBUICAO - BA;100.7100;ITAMBE COMERCIO E DISTRIBUICAO - BA;53300914;SENDAS DISTRIBUIDORA SA;1304.84;6352;060 - ICMS cobrado por substituição tributária;12471;14172;1200;1701
23/02/2026;113607;ITAMBE COMERCIO E DISTRIBUICAO - BA;106.8800;ITAMBE COMERCIO E DISTRIBUICAO - BA;53300914;MATEUS SUPERMERCADOS SA;3176.36;6352;060 - ICMS cobrado por substituição tributária;13234;15039;1200;1805
23/02/2026;113608;ITAMBE COMERCIO E DISTRIBUICAO - BA;184.0700;ITAMBE COMERCIO E DISTRIBUICAO - BA;53300914;DISTRIBUIDORA TIO LUIZ LTDA;3732.74;6352;060 - ICMS cobrado por substituição tributária;22792;25900;1200;3108
23/02/2026;113609;ITAMBE COMERCIO E DISTRIBUICAO - BA;232.4000;ITAMBE COMERCIO E DISTRIBUICAO - BA;53300914;ATAKAREJO DIST DE ALIM E BEB SA;2623.39;6352;060 - ICMS cobrado por substituição tributária;28777;32701;1200;3924
23/02/2026;113610;ITAMBE COMERCIO E DISTRIBUICAO - BA;238.5000;ITAMBE COMERCIO E DISTRIBUICAO - BA;53300914;ATAKAREJO DIST DE ALIM E BEB SA;2737.33;6352;060 - ICMS cobrado por substituição tributária;29533;33560;1200;4027
23/02/2026;113611;ITAMBE COMERCIO E DISTRIBUICAO - BA;405.4300;ITAMBE COMERCIO E DISTRIBUICAO - BA;53300914;ATAKAREJO DIST DE ALIM E BEB SA ATAKAREJO;4590.99;6352;060 - ICMS cobrado por substituição tributária;50203;57049;1200;6846
23/02/2026;113612;LACTALIS COMERCIO E DISTRIBUICAO - BA;392.9200;LACTALIS COMERCIO E DISTRIBUICAO - BA;53300916;SENDAS DISTRIBUIDORA SA;9418.60;6352;060 - ICMS cobrado por substituição tributária;47644;54141;1200;6497
23/02/2026;113613;LACTALIS COMERCIO E DISTRIBUICAO - BA;431.4300;LACTALIS COMERCIO E DISTRIBUICAO - BA;53300916;WMS SUPERMERCADOS DO BRASIL LTDA;3935.56;6352;060 - ICMS cobrado por substituição tributária;52316;59450;1200;7134
23/02/2026;113614;LACTALIS COMERCIO E DISTRIBUICAO - BA;821.9800;LACTALIS COMERCIO E DISTRIBUICAO - BA;53300916;MATEUS SUPERMERCADOS SA;10831.92;6352;060 - ICMS cobrado por substituição tributária;99670;1.132,61;1200;13591
23/02/2026;113615;ITAMBE COMERCIO E DISTRIBUICAO - BA;78.5400;ITAMBE COMERCIO E DISTRIBUICAO - BA;53300916;SENDAS DISTRIBUIDORA SA;1017.12;6352;060 - ICMS cobrado por substituição tributária;9524;10823;1200;1299
23/02/2026;113616;ITAMBE COMERCIO E DISTRIBUICAO - BA;401.7700;ITAMBE COMERCIO E DISTRIBUICAO - BA;53300916;WMS SUPERMERCADOS DO BRASIL LTDA;4228.34;6352;060 - ICMS cobrado por substituição tributária;48717;55360;1200;6643
23/02/2026;113617;ITAMBE COMERCIO E DISTRIBUICAO - BA;738.3700;ITAMBE COMERCIO E DISTRIBUICAO - BA;53300916;MATEUS SUPERMERCADOS SA;11561.58;6352;060 - ICMS cobrado por substituição tributária;89532;1.017,41;1200;12209
23/02/2026;113620;LACTALIS COMERCIO E DISTRIBUICAO - BA;1403.2400;LACTALIS COMERCIO E DISTRIBUICAO - BA;53300915;SENDAS DISTRIBUIDORA SA;22829.23;6352;060 - ICMS cobrado por substituição tributária;1.671,46;1.899,39;1200;22793
23/02/2026;113621;LACTALIS COMERCIO E DISTRIBUICAO - BA;722.7800;LACTALIS COMERCIO E DISTRIBUICAO - BA;53300915;ATAKAREJO DIST DE ALIM E BEB SA;6998.27;6352;060 - ICMS cobrado por substituição tributária;86096;97836;1200;11740
23/02/2026;113622;ITAMBE COMERCIO E DISTRIBUICAO - BA;555.9100;ITAMBE COMERCIO E DISTRIBUICAO - BA;53300915;SENDAS DISTRIBUIDORA SA;6226.82;6352;060 - ICMS cobrado por substituição tributária;66216;75245;1200;9029
23/02/2026;113623;ITAMBE COMERCIO E DISTRIBUICAO - BA;234.6500;ITAMBE COMERCIO E DISTRIBUICAO - BA;53300915;ATAKAREJO DIST DE ALIM E BEB SA;2196.27;6352;060 - ICMS cobrado por substituição tributária;27951;31763;1200;3812
26/02/2026;113929;ITAMBE COMERCIO E DISTRIBUICAO - BA;251.4800;ITAMBE COMERCIO E DISTRIBUICAO - BA;DESCARGA;ATAKAREJO DIST DE ALIM E BEB SA;2421.60;6352;060 - ICMS cobrado por substituição tributária;23482;26684;1200;3202
26/02/2026;113931;LACTALIS COMERCIO E DISTRIBUICAO - BA;1374.2400;LACTALIS COMERCIO E DISTRIBUICAO - BA;DESPESAS ADICIONAIS;CENCOSUD BRASIL COMERCIAL LTDA CENCOSUD BRASIL COMERCIAL LTD;15162.54;6352;060 - ICMS cobrado por substituição tributária;1.843,72;2.095,14;1200;25142
27/02/2026;113988;ITAMBE COMERCIO E DISTRIBUICAO - BA;475.9800;ITAMBE COMERCIO E DISTRIBUICAO - BA;DESPESAS ADICIONAIS;ATAKAREJO DIST DE ALIM E BEB SA ATAKAREJO;6559.42;6352;060 - ICMS cobrado por substituição tributária;1.432,58;1.627,93;1200;19535
27/02/2026;113990;LACTALIS COMERCIO E DISTRIBUICAO - BA;1109.2200;LACTALIS COMERCIO E DISTRIBUICAO - BA;DESPESAS ADICIONAIS;ATAKAREJO DIST DE ALIM E BEB SA ATAKAREJO;13314.12;6352;060 - ICMS cobrado por substituição tributária;1.662,80;1.889,55;1200;22675
02/03/2026;114009;LACTALIS COMERCIO E DISTRIBUICAO - BA;679.2000;LACTALIS COMERCIO E DISTRIBUICAO - BA;53320105;SENDAS DISTRIBUIDORA SA;8578.54;6352;060 - ICMS cobrado por substituição tributária;88166;1.001,89;1200;12023
02/03/2026;114010;LACTALIS COMERCIO E DISTRIBUICAO - BA;403.5500;LACTALIS COMERCIO E DISTRIBUICAO - BA;53320105;MATEUS SUPERMERCADOS SA;3706.40;6352;060 - ICMS cobrado por substituição tributária;52386;59530;1200;7144
02/03/2026;114011;LACTALIS COMERCIO E DISTRIBUICAO - BA;489.8700;LACTALIS COMERCIO E DISTRIBUICAO - BA;53320105;ATAKAREJO DIST DE ALIM E BEB SA;5566.31;6352;060 - ICMS cobrado por substituição tributária;63588;72259;1200;8671
02/03/2026;114012;LACTALIS COMERCIO E DISTRIBUICAO - BA;700.6300;LACTALIS COMERCIO E DISTRIBUICAO - BA;53320105;ATAKAREJO DIST DE ALIM E BEB SA;9401.04;6352;060 - ICMS cobrado por substituição tributária;90947;1.033,49;1200;12402
02/03/2026;114013;ITAMBE COMERCIO E DISTRIBUICAO - BA;110.2200;ITAMBE COMERCIO E DISTRIBUICAO - BA;53320105;SENDAS DISTRIBUIDORA SA;1117.56;6352;060 - ICMS cobrado por substituição tributária;14309;16260;1200;1951
02/03/2026;114014;ITAMBE COMERCIO E DISTRIBUICAO - BA;154.1700;ITAMBE COMERCIO E DISTRIBUICAO - BA;53320105;MATEUS SUPERMERCADOS SA;2309.54;6352;060 - ICMS cobrado por substituição tributária;20012;22741;1200;2729
02/03/2026;114015;ITAMBE COMERCIO E DISTRIBUICAO - BA;134.5500;ITAMBE COMERCIO E DISTRIBUICAO - BA;53320105;ATAKAREJO DIST DE ALIM E BEB SA;1633.16;6352;060 - ICMS cobrado por substituição tributária;17466;19848;1200;2382
02/03/2026;114016;ITAMBE COMERCIO E DISTRIBUICAO - BA;348.6100;ITAMBE COMERCIO E DISTRIBUICAO - BA;53320105;ATAKAREJO DIST DE ALIM E BEB SA;3931.16;6352;060 - ICMS cobrado por substituição tributária;45254;51425;1200;6171
02/03/2026;114017;ITAMBE COMERCIO E DISTRIBUICAO - BA;1423.6600;ITAMBE COMERCIO E DISTRIBUICAO - BA;53319579;ATACADAO SA;38402.00;6352;060 - ICMS cobrado por substituição tributária;1.528,60;1.737,05;1200;20845
02/03/2026;114018;ITAMBE COMERCIO E DISTRIBUICAO - BA;711.8300;ITAMBE COMERCIO E DISTRIBUICAO - BA;53319579;ATACADAO SA;19201.00;6352;060 - ICMS cobrado por substituição tributária;76430;86852;1200;10422
02/03/2026;114019;ITAMBE COMERCIO E DISTRIBUICAO - BA;711.8300;ITAMBE COMERCIO E DISTRIBUICAO - BA;53319579;WMS SUPERMERCADOS DO BRASIL LTDA;19201.00;6352;060 - ICMS cobrado por substituição tributária;76430;86852;1200;10422
02/03/2026;114020;ITAMBE COMERCIO E DISTRIBUICAO - BA;1099.5800;ITAMBE COMERCIO E DISTRIBUICAO - BA;53320102;ATAKAREJO DIST DE ALIM E BEB SA ATAKAREJO;13492.32;6352;060 - ICMS cobrado por substituição tributária;1.186,22;1.347,98;1200;16176
02/03/2026;114021;ITAMBE COMERCIO E DISTRIBUICAO - BA;300.2400;ITAMBE COMERCIO E DISTRIBUICAO - BA;53320102;ATAKAREJO DIST DE ALIM E BEB SA;2845.52;6352;060 - ICMS cobrado por substituição tributária;32388;36805;1200;4417
02/03/2026;114022;LACTALIS COMERCIO E DISTRIBUICAO - BA;1266.4400;LACTALIS COMERCIO E DISTRIBUICAO - BA;53320102;ATAKAREJO DIST DE ALIM E BEB SA ATAKAREJO;18083.24;6352;060 - ICMS cobrado por substituição tributária;1.366,25;1.552,56;1200;18631
02/03/2026;114023;LACTALIS COMERCIO E DISTRIBUICAO - BA;554.0500;LACTALIS COMERCIO E DISTRIBUICAO - BA;53320102;ATAKAREJO DIST DE ALIM E BEB SA;7484.60;6352;060 - ICMS cobrado por substituição tributária;59771;67922;1200;8151
02/03/2026;114035;LACTALIS COMERCIO E DISTRIBUICAO - BA;1479.0400;LACTALIS COMERCIO E DISTRIBUICAO - BA;53320039;SENDAS DISTRIBUIDORA SA;21684.54;6352;060 - ICMS cobrado por substituição tributária;1.431,55;1.626,76;1200;19521
02/03/2026;114036;LACTALIS COMERCIO E DISTRIBUICAO - BA;232.8800;LACTALIS COMERCIO E DISTRIBUICAO - BA;53320039;ATACADAO SA;2327.92;6352;060 - ICMS cobrado por substituição tributária;22542;25616;1200;3074
02/03/2026;114037;LACTALIS COMERCIO E DISTRIBUICAO - BA;1219.4700;LACTALIS COMERCIO E DISTRIBUICAO - BA;53320039;SENDAS DISTRIBUIDORA SA;21350.08;6352;060 - ICMS cobrado por substituição tributária;1.180,31;1.341,26;1200;16095
02/03/2026;114038;ITAMBE COMERCIO E DISTRIBUICAO - BA;285.9500;ITAMBE COMERCIO E DISTRIBUICAO - BA;53320039;SENDAS DISTRIBUIDORA SA;2844.94;6352;060 - ICMS cobrado por substituição tributária;27675;31449;1200;3774
02/03/2026;114039;ITAMBE COMERCIO E DISTRIBUICAO - BA;173.6700;ITAMBE COMERCIO E DISTRIBUICAO - BA;53320039;ATACADAO SA;1848.56;6352;060 - ICMS cobrado por substituição tributária;16810;19102;1200;2292
02/03/2026;114040;ITAMBE COMERCIO E DISTRIBUICAO - BA;198.4100;ITAMBE COMERCIO E DISTRIBUICAO - BA;53320039;SENDAS DISTRIBUIDORA SA;1956.52;6352;060 - ICMS cobrado por substituição tributária;19204;21823;1200;2619
02/03/2026;114054;LACTALIS COMERCIO E DISTRIBUICAO - BA;193.6200;LACTALIS COMERCIO E DISTRIBUICAO - BA;53320103;WMS SUPERMERCADOS DO BRASIL LTDA;1898.52;6352;060 - ICMS cobrado por substituição tributária;21245;24142;1200;2897
02/03/2026;114055;LACTALIS COMERCIO E DISTRIBUICAO - BA;1594.4100;LACTALIS COMERCIO E DISTRIBUICAO - BA;53320103;ATAKAREJO DIST DE ALIM E BEB SA;29322.02;6352;060 - ICMS cobrado por substituição tributária;1.749,61;1.988,19;1200;23858
02/03/2026;114056;ITAMBE COMERCIO E DISTRIBUICAO - BA;191.3000;ITAMBE COMERCIO E DISTRIBUICAO - BA;53320103;WMS SUPERMERCADOS DO BRASIL LTDA;2075.48;6352;060 - ICMS cobrado por substituição tributária;20993;23856;1200;2863
02/03/2026;114057;ITAMBE COMERCIO E DISTRIBUICAO - BA;1186.6100;ITAMBE COMERCIO E DISTRIBUICAO - BA;53320103;ATAKAREJO DIST DE ALIM E BEB SA;17472.10;6352;060 - ICMS cobrado por substituição tributária;1.302,12;1.479,68;1200;17756
02/03/2026;114079;LACTALIS COMERCIO E DISTRIBUICAO - BA;937.1300;LACTALIS COMERCIO E DISTRIBUICAO - BA;53320101;SENDAS DISTRIBUIDORA SA;13655.18;6352;060 - ICMS cobrado por substituição tributária;93126;1.058,25;1200;12699
02/03/2026;114080;LACTALIS COMERCIO E DISTRIBUICAO - BA;604.3500;LACTALIS COMERCIO E DISTRIBUICAO - BA;53320101;ATAKAREJO DIST DE ALIM E BEB SA ATAKAREJO;8614.62;6352;060 - ICMS cobrado por substituição tributária;60058;68248;1200;8190
02/03/2026;114081;ITAMBE COMERCIO E DISTRIBUICAO - BA;203.3900;ITAMBE COMERCIO E DISTRIBUICAO - BA;53320101;MERCANTIL RODRIGUES COMERCIAL LTDA;2158.86;6352;060 - ICMS cobrado por substituição tributária;20214;22970;1200;2756
02/03/2026;114082;ITAMBE COMERCIO E DISTRIBUICAO - BA;199.9900;ITAMBE COMERCIO E DISTRIBUICAO - BA;53320101;SENDAS DISTRIBUIDORA SA;2009.78;6352;060 - ICMS cobrado por substituição tributária;19875;22585;1200;2710
02/03/2026;114083;ITAMBE COMERCIO E DISTRIBUICAO - BA;224.8600;ITAMBE COMERCIO E DISTRIBUICAO - BA;53320101;MATEUS SUPERMERCADOS SA;3701.64;6352;060 - ICMS cobrado por substituição tributária;22348;25395;1200;3047
02/03/2026;114084;ITAMBE COMERCIO E DISTRIBUICAO - BA;1326.1800;ITAMBE COMERCIO E DISTRIBUICAO - BA;53320101;ATAKAREJO DIST DE ALIM E BEB SA ATAKAREJO;13722.57;6352;060 - ICMS cobrado por substituição tributária;1.317,91;1.497,63;1200;17972
02/03/2026;114085;LACTALIS COMERCIO E DISTRIBUICAO - BA;1369.0200;LACTALIS COMERCIO E DISTRIBUICAO - BA;53320040;ATACADAO SA;13276.04;6352;060 - ICMS cobrado por substituição tributária;1.341,74;1.524,70;1200;18296
02/03/2026;114086;LACTALIS COMERCIO E DISTRIBUICAO - BA;1032.7900;LACTALIS COMERCIO E DISTRIBUICAO - BA;53320040;SENDAS DISTRIBUIDORA SA;14150.32;6352;060 - ICMS cobrado por substituição tributária;1.012,20;1.150,23;1200;13803
02/03/2026;114087;LACTALIS COMERCIO E DISTRIBUICAO - BA;701.8100;LACTALIS COMERCIO E DISTRIBUICAO - BA;53320040;MATEUS SUPERMERCADOS SA;7650.60;6352;060 - ICMS cobrado por substituição tributária;68784;78164;1200;9380
02/03/2026;114088;ITAMBE COMERCIO E DISTRIBUICAO - BA;125.2500;ITAMBE COMERCIO E DISTRIBUICAO - BA;53320040;ATACADAO SA;1407.76;6352;060 - ICMS cobrado por substituição tributária;12275;13949;1200;1674
02/03/2026;114089;ITAMBE COMERCIO E DISTRIBUICAO - BA;102.0900;ITAMBE COMERCIO E DISTRIBUICAO - BA;53320040;SENDAS DISTRIBUIDORA SA;1005.20;6352;060 - ICMS cobrado por substituição tributária;10006;11370;1200;1364
02/03/2026;114090;ITAMBE COMERCIO E DISTRIBUICAO - BA;213.7500;ITAMBE COMERCIO E DISTRIBUICAO - BA;53320040;MATEUS SUPERMERCADOS SA;2694.68;6352;060 - ICMS cobrado por substituição tributária;20951;23808;1200;2857
04/03/2026;114228;ITAMBE COMERCIO E DISTRIBUICAO - BA;1186.6100;ITAMBE COMERCIO E DISTRIBUICAO - BA;DESPESAS ADICIONAIS;ATAKAREJO DIST DE ALIM E BEB SA;17472.10;6352;060 - ICMS cobrado por substituição tributária;1.398,64;1.589,36;1200;19072
04/03/2026;114230;LACTALIS COMERCIO E DISTRIBUICAO - BA;1594.4100;LACTALIS COMERCIO E DISTRIBUICAO - BA;DESPESAS ADICIONAIS;ATAKAREJO DIST DE ALIM E BEB SA;29322.02;6352;060 - ICMS cobrado por substituição tributária;2.872,75;3.264,49;1200;39174
05/03/2026;114245;ITAMBE COMERCIO E DISTRIBUICAO - BA;1499.8300;ITAMBE COMERCIO E DISTRIBUICAO - BA;53319580;WMB SUPERMERCADOS DO BRASIL LTDA;27983.40;6352;060 - ICMS cobrado por substituição tributária;1.718,05;1.952,33;1200;23428
05/03/2026;114246;ITAMBE COMERCIO E DISTRIBUICAO - BA;1169.0300;ITAMBE COMERCIO E DISTRIBUICAO - BA;53319580;SLPPB ALIMENTACOES LTDA;16889.64;6352;060 - ICMS cobrado por substituição tributária;1.339,12;1.521,73;1200;18261
09/03/2026;114332;LACTALIS COMERCIO E DISTRIBUICAO - BA;792.9900;LACTALIS COMERCIO E DISTRIBUICAO - BA;53337981;ATACADAO SA;7620.88;6352;060 - ICMS cobrado por substituição tributária;86224;97982;1200;11758
09/03/2026;114333;LACTALIS COMERCIO E DISTRIBUICAO - BA;95.8900;LACTALIS COMERCIO E DISTRIBUICAO - BA;53337981;SENDAS DISTRIBUIDORA SA;3929.52;6352;060 - ICMS cobrado por substituição tributária;10426;11848;1200;1422
09/03/2026;114334;LACTALIS COMERCIO E DISTRIBUICAO - BA;663.7300;LACTALIS COMERCIO E DISTRIBUICAO - BA;53337981;MATEUS SUPERMERCADOS SA;6594.44;6352;060 - ICMS cobrado por substituição tributária;72168;82009;1200;9841
09/03/2026;114335;LACTALIS COMERCIO E DISTRIBUICAO - BA;1467.9800;LACTALIS COMERCIO E DISTRIBUICAO - BA;53337981;ATAKAREJO DIST DE ALIM E BEB SA ATAKAREJO;17081.82;6352;060 - ICMS cobrado por substituição tributária;1.596,18;1.813,84;1200;21766
09/03/2026;114336;ITAMBE COMERCIO E DISTRIBUICAO - BA;174.4600;ITAMBE COMERCIO E DISTRIBUICAO - BA;53337981;ATACADAO SA;1866.04;6352;060 - ICMS cobrado por substituição tributária;18969;21556;1200;2587
09/03/2026;114338;LACTALIS COMERCIO E DISTRIBUICAO - BA;744.8400;LACTALIS COMERCIO E DISTRIBUICAO - BA;53337984;SENDAS DISTRIBUIDORA SA;13572.05;6352;060 - ICMS cobrado por substituição tributária;94923;1.078,67;1200;12944
09/03/2026;114339;LACTALIS COMERCIO E DISTRIBUICAO - BA;394.6100;LACTALIS COMERCIO E DISTRIBUICAO - BA;53337984;ATACADAO SA;3727.36;6352;060 - ICMS cobrado por substituição tributária;50290;57148;1200;6858
09/03/2026;114340;LACTALIS COMERCIO E DISTRIBUICAO - BA;174.1300;LACTALIS COMERCIO E DISTRIBUICAO - BA;53337984;SENDAS DISTRIBUIDORA SA;10261.96;6352;060 - ICMS cobrado por substituição tributária;22191;25217;1200;3026
09/03/2026;114341;LACTALIS COMERCIO E DISTRIBUICAO - BA;1198.3500;LACTALIS COMERCIO E DISTRIBUICAO - BA;53337984;ATAKAREJO DIST DE ALIM E BEB SA;13427.72;6352;060 - ICMS cobrado por substituição tributária;1.527,20;1.735,45;1200;20825
09/03/2026;114342;ITAMBE COMERCIO E DISTRIBUICAO - BA;214.0600;ITAMBE COMERCIO E DISTRIBUICAO - BA;53337984;ATACADAO SA;2382.74;6352;060 - ICMS cobrado por substituição tributária;27280;31000;1200;3720
09/03/2026;114344;LACTALIS COMERCIO E DISTRIBUICAO - BA;317.0700;LACTALIS COMERCIO E DISTRIBUICAO - BA;53337982;SENDAS DISTRIBUIDORA SA;8504.84;6352;060 - ICMS cobrado por substituição tributária;35565;40415;1200;4850
09/03/2026;114345;LACTALIS COMERCIO E DISTRIBUICAO - BA;292.8900;LACTALIS COMERCIO E DISTRIBUICAO - BA;53337982;WMS SUPERMERCADOS DO BRASIL LTDA;2696.80;6352;060 - ICMS cobrado por substituição tributária;32851;37331;1200;4480
09/03/2026;114346;LACTALIS COMERCIO E DISTRIBUICAO - BA;1274.7700;LACTALIS COMERCIO E DISTRIBUICAO - BA;53337982;ATAKAREJO DIST DE ALIM E BEB SA;17327.96;6352;060 - ICMS cobrado por substituição tributária;1.429,84;1.624,82;1200;19498
09/03/2026;114347;LACTALIS COMERCIO E DISTRIBUICAO - BA;1031.0100;LACTALIS COMERCIO E DISTRIBUICAO - BA;53337982;MATEUS SUPERMERCADOS SA;11790.24;6352;060 - ICMS cobrado por substituição tributária;1.156,40;1.314,09;1200;15769
09/03/2026;114348;ITAMBE COMERCIO E DISTRIBUICAO - BA;181.5900;ITAMBE COMERCIO E DISTRIBUICAO - BA;53337982;WMS SUPERMERCADOS DO BRASIL LTDA;2116.94;6352;060 - ICMS cobrado por substituição tributária;20368;23145;1200;2777
09/03/2026;114349;LACTALIS COMERCIO E DISTRIBUICAO - BA;402.8700;LACTALIS COMERCIO E DISTRIBUICAO - BA;53337983;SENDAS DISTRIBUIDORA SA;7474.12;6352;060 - ICMS cobrado por substituição tributária;51115;58085;1200;6970
09/03/2026;114350;LACTALIS COMERCIO E DISTRIBUICAO - BA;616.0500;LACTALIS COMERCIO E DISTRIBUICAO - BA;53337983;MATEUS SUPERMERCADOS SA;6771.60;6352;060 - ICMS cobrado por substituição tributária;78165;88824;1200;10659
09/03/2026;114351;LACTALIS COMERCIO E DISTRIBUICAO - BA;619.8400;LACTALIS COMERCIO E DISTRIBUICAO - BA;53337983;ATAKAREJO DIST DE ALIM E BEB SA;7248.12;6352;060 - ICMS cobrado por substituição tributária;78643;89367;1200;10724
09/03/2026;114352;LACTALIS COMERCIO E DISTRIBUICAO - BA;287.0800;LACTALIS COMERCIO E DISTRIBUICAO - BA;53337983;ATAKAREJO DIST DE ALIM E BEB SA;4366.82;6352;060 - ICMS cobrado por substituição tributária;36425;41392;1200;4967
09/03/2026;114353;LACTALIS COMERCIO E DISTRIBUICAO - BA;1164.7500;LACTALIS COMERCIO E DISTRIBUICAO - BA;53337983;ATAKAREJO DIST DE ALIM E BEB SA ATAKAREJO;14736.18;6352;060 - ICMS cobrado por substituição tributária;1.477,79;1.679,31;1200;20152
11/03/2026;114501;ITAMBE COMERCIO E DISTRIBUICAO - BA;419.1900;ITAMBE COMERCIO E DISTRIBUICAO - BA;DIARIA FORA RAVEX;WMS SUPERMERCADOS DO BRASIL LTDA;4188.22;6352;060 - ICMS cobrado por substituição tributária;40393;45901;1200;5508
11/03/2026;114502;LACTALIS COMERCIO E DISTRIBUICAO - BA;586.9000;LACTALIS COMERCIO E DISTRIBUICAO - BA;DIARIA FORA RAVEX;SENDAS DISTRIBUIDORA SA;6545.42;6352;060 - ICMS cobrado por substituição tributária;40393;45901;1200;5508
13/03/2026;114669;ITAMBE COMERCIO E DISTRIBUICAO - BA;348.6100;ITAMBE COMERCIO E DISTRIBUICAO - BA;DESPESAS ADICIONAIS;ATAKAREJO DIST DE ALIM E BEB SA;3931.16;6352;060 - ICMS cobrado por substituição tributária;2.247,45;2.553,92;1200;30647
13/03/2026;114671;LACTALIS COMERCIO E DISTRIBUICAO - BA;1198.3500;LACTALIS COMERCIO E DISTRIBUICAO - BA;DESPESAS ADICIONAIS;ATAKAREJO DIST DE ALIM E BEB SA;13427.72;6352;060 - ICMS cobrado por substituição tributária;1.862,58;2.116,57;1200;25399
16/03/2026;114678;LACTALIS COMERCIO E DISTRIBUICAO - BA;1501.3500;LACTALIS COMERCIO E DISTRIBUICAO - BA;53356211;ATACADAO SA;13427.20;6352;060 - ICMS cobrado por substituição tributária;1.709,59;1.942,72;1200;23313
16/03/2026;114679;LACTALIS COMERCIO E DISTRIBUICAO - BA;1549.5400;LACTALIS COMERCIO E DISTRIBUICAO - BA;53356211;SENDAS DISTRIBUIDORA SA;18707.56;6352;060 - ICMS cobrado por substituição tributária;1.764,47;2.005,08;1200;24061
16/03/2026;114681;LACTALIS COMERCIO E DISTRIBUICAO - BA;880.4300;LACTALIS COMERCIO E DISTRIBUICAO - BA;53356208;ATACADAO SA;7951.52;6352;060 - ICMS cobrado por substituição tributária;96223;1.093,44;1200;13121
16/03/2026;114682;LACTALIS COMERCIO E DISTRIBUICAO - BA;1587.0800;LACTALIS COMERCIO E DISTRIBUICAO - BA;53356208;ATAKAREJO DIST DE ALIM E BEB SA;22806.12;6352;060 - ICMS cobrado por substituição tributária;1.734,60;1.971,14;1200;23654
16/03/2026;114683;ITAMBE COMERCIO E DISTRIBUICAO - BA;356.9600;ITAMBE COMERCIO E DISTRIBUICAO - BA;53356208;MERCANTIL RODRIGUES COMERCIAL LTDA;4079.64;6352;060 - ICMS cobrado por substituição tributária;39010;44330;1200;5320
16/03/2026;114684;ITAMBE COMERCIO E DISTRIBUICAO - BA;354.2500;ITAMBE COMERCIO E DISTRIBUICAO - BA;53356208;ATACADAO SA;4665.24;6352;060 - ICMS cobrado por substituição tributária;38717;43997;1200;5280
16/03/2026;114685;LACTALIS COMERCIO E DISTRIBUICAO - BA;648.9200;LACTALIS COMERCIO E DISTRIBUICAO - BA;53356212;SENDAS DISTRIBUIDORA SA;8075.56;6352;060 - ICMS cobrado por substituição tributária;85750;97443;1200;11693
16/03/2026;114686;LACTALIS COMERCIO E DISTRIBUICAO - BA;816.8400;LACTALIS COMERCIO E DISTRIBUICAO - BA;53356212;ATAKAREJO DIST DE ALIM E BEB SA;9308.71;6352;060 - ICMS cobrado por substituição tributária;1.079,40;1.226,59;1200;14719
16/03/2026;114687;LACTALIS COMERCIO E DISTRIBUICAO - BA;614.9200;LACTALIS COMERCIO E DISTRIBUICAO - BA;53356212;ATAKAREJO DIST DE ALIM E BEB SA;8014.01;6352;060 - ICMS cobrado por substituição tributária;81255;92335;1200;11080
16/03/2026;114688;LACTALIS COMERCIO E DISTRIBUICAO - BA;886.8900;LACTALIS COMERCIO E DISTRIBUICAO - BA;53356212;ATAKAREJO DIST DE ALIM E BEB SA ATAKAREJO;10424.18;6352;060 - ICMS cobrado por substituição tributária;1.171,95;1.331,76;1200;15981
16/03/2026;114689;LACTALIS COMERCIO E DISTRIBUICAO - BA;2229.2500;LACTALIS COMERCIO E DISTRIBUICAO - BA;53356207;SENDAS DISTRIBUIDORA SA;25808.40;6352;060 - ICMS cobrado por substituição tributária;2.179,49;2.476,69;1200;29720
16/03/2026;114690;LACTALIS COMERCIO E DISTRIBUICAO - BA;1324.0500;LACTALIS COMERCIO E DISTRIBUICAO - BA;53356207;ATAKAREJO DIST DE ALIM E BEB SA ATAKAREJO;14223.42;6352;060 - ICMS cobrado por substituição tributária;1.294,49;1.471,01;1200;17652
19/03/2026;114916;ITAMBE COMERCIO E DISTRIBUICAO - BA;356.9600;ITAMBE COMERCIO E DISTRIBUICAO - BA;Descarga;MERCANTIL RODRIGUES COMERCIAL LTDA;4079.64;6352;060 - ICMS cobrado por substituição tributária;6261;7115;1200;854
19/03/2026;114918;LACTALIS COMERCIO E DISTRIBUICAO - BA;886.8900;LACTALIS COMERCIO E DISTRIBUICAO - BA;DESPESAS ADICIONAIS;ATAKAREJO DIST DE ALIM E BEB SA ATAKAREJO;10424.18;6352;060 - ICMS cobrado por substituição tributária;1.796,44;2.041,41;1200;24497
23/03/2026;114999;LACTALIS COMERCIO E DISTRIBUICAO - BA;1524.0400;LACTALIS COMERCIO E DISTRIBUICAO - BA;53372802;MATEUS SUPERMERCADOS SA;15953.68;6352;060 - ICMS cobrado por substituição tributária;2.163,92;2.459,00;1200;29508
23/03/2026;115000;LACTALIS COMERCIO E DISTRIBUICAO - BA;362.8600;LACTALIS COMERCIO E DISTRIBUICAO - BA;53372802;WMS SUPERMERCADOS DO BRASIL LTDA;11167.04;6352;060 - ICMS cobrado por substituição tributária;51519;58544;1200;7025
23/03/2026;115001;ITAMBE COMERCIO E DISTRIBUICAO - BA;395.4400;ITAMBE COMERCIO E DISTRIBUICAO - BA;53372802;MATEUS SUPERMERCADOS SA;5810.10;6352;060 - ICMS cobrado por substituição tributária;56148;63805;1200;7657
23/03/2026;115002;ITAMBE COMERCIO E DISTRIBUICAO - BA;164.4300;ITAMBE COMERCIO E DISTRIBUICAO - BA;53372802;WMS SUPERMERCADOS DO BRASIL LTDA;2010.15;6352;060 - ICMS cobrado por substituição tributária;23347;26531;1200;3184
23/03/2026;115003;LACTALIS COMERCIO E DISTRIBUICAO - BA;576.4700;LACTALIS COMERCIO E DISTRIBUICAO - BA;53372800;ATACADAO SA;11235.20;6352;060 - ICMS cobrado por substituição tributária;71267;80985;1200;9718
23/03/2026;115004;LACTALIS COMERCIO E DISTRIBUICAO - BA;1410.4200;LACTALIS COMERCIO E DISTRIBUICAO - BA;53372800;SENDAS DISTRIBUIDORA SA;13667.48;6352;060 - ICMS cobrado por substituição tributária;1.743,58;1.981,34;1200;23776
23/03/2026;115005;ITAMBE COMERCIO E DISTRIBUICAO - BA;280.6500;ITAMBE COMERCIO E DISTRIBUICAO - BA;53372800;ATACADAO SA;3580.44;6352;060 - ICMS cobrado por substituição tributária;34694;39425;1200;4731
23/03/2026;115006;ITAMBE COMERCIO E DISTRIBUICAO - BA;542.7100;ITAMBE COMERCIO E DISTRIBUICAO - BA;53372800;SENDAS DISTRIBUIDORA SA;5636.66;6352;060 - ICMS cobrado por substituição tributária;67090;76239;1200;9149
23/03/2026;115007;LACTALIS COMERCIO E DISTRIBUICAO - BA;520.1100;LACTALIS COMERCIO E DISTRIBUICAO - BA;53372797;SENDAS DISTRIBUIDORA SA;6199.56;6352;060 - ICMS cobrado por substituição tributária;53418;60702;1200;7284
23/03/2026;115008;LACTALIS COMERCIO E DISTRIBUICAO - BA;329.7100;LACTALIS COMERCIO E DISTRIBUICAO - BA;53372797;MATEUS SUPERMERCADOS SA;3629.32;6352;060 - ICMS cobrado por substituição tributária;33862;38480;1200;4618
23/03/2026;115009;LACTALIS COMERCIO E DISTRIBUICAO - BA;94.1000;LACTALIS COMERCIO E DISTRIBUICAO - BA;53372797;ATAKAREJO DIST DE ALIM E BEB SA;916.14;6352;060 - ICMS cobrado por substituição tributária;9665;10983;1200;1318
23/03/2026;115010;LACTALIS COMERCIO E DISTRIBUICAO - BA;311.5200;LACTALIS COMERCIO E DISTRIBUICAO - BA;53372797;ATAKAREJO DIST DE ALIM E BEB SA;2890.38;6352;060 - ICMS cobrado por substituição tributária;31992;36355;1200;4363
23/03/2026;115011;LACTALIS COMERCIO E DISTRIBUICAO - BA;608.5500;LACTALIS COMERCIO E DISTRIBUICAO - BA;53372797;ATAKAREJO DIST DE ALIM E BEB SA ATAKAREJO;8137.75;6352;060 - ICMS cobrado por substituição tributária;62497;71019;1200;8522
23/03/2026;115012;ITAMBE COMERCIO E DISTRIBUICAO - BA;183.6300;ITAMBE COMERCIO E DISTRIBUICAO - BA;53372797;SENDAS DISTRIBUIDORA SA;2110.64;6352;060 - ICMS cobrado por substituição tributária;18857;21428;1200;2571
23/03/2026;115013;ITAMBE COMERCIO E DISTRIBUICAO - BA;539.3300;ITAMBE COMERCIO E DISTRIBUICAO - BA;53372797;ATAKAREJO DIST DE ALIM E BEB SA;6912.82;6352;060 - ICMS cobrado por substituição tributária;55390;62943;1200;7553
23/03/2026;115014;ITAMBE COMERCIO E DISTRIBUICAO - BA;1231.2100;ITAMBE COMERCIO E DISTRIBUICAO - BA;53372797;ATAKAREJO DIST DE ALIM E BEB SA ATAKAREJO;15176.00;6352;060 - ICMS cobrado por substituição tributária;1.264,46;1.436,89;1200;17243
23/03/2026;115015;LACTALIS COMERCIO E DISTRIBUICAO - BA;1355.1600;LACTALIS COMERCIO E DISTRIBUICAO - BA;53372798;SENDAS DISTRIBUIDORA SA;13938.38;6352;060 - ICMS cobrado por substituição tributária;1.314,55;1.493,81;1200;17926
23/03/2026;115016;LACTALIS COMERCIO E DISTRIBUICAO - BA;756.5100;LACTALIS COMERCIO E DISTRIBUICAO - BA;53372798;MATEUS SUPERMERCADOS SA;9623.16;6352;060 - ICMS cobrado por substituição tributária;73384;83391;1200;10007
23/03/2026;115017;ITAMBE COMERCIO E DISTRIBUICAO - BA;545.3900;ITAMBE COMERCIO E DISTRIBUICAO - BA;53372798;SENDAS DISTRIBUIDORA SA;5461.00;6352;060 - ICMS cobrado por substituição tributária;52905;60119;1200;7214
23/03/2026;115018;ITAMBE COMERCIO E DISTRIBUICAO - BA;924.3800;ITAMBE COMERCIO E DISTRIBUICAO - BA;53372798;MATEUS SUPERMERCADOS SA;12266.16;6352;060 - ICMS cobrado por substituição tributária;89667;1.018,94;1200;12227
23/03/2026;115024;LACTALIS COMERCIO E DISTRIBUICAO - BA;1058.9000;LACTALIS COMERCIO E DISTRIBUICAO - BA;53372801;SENDAS DISTRIBUIDORA SA;12423.82;6352;060 - ICMS cobrado por substituição tributária;1.465,09;1.664,88;1200;19979
23/03/2026;115025;LACTALIS COMERCIO E DISTRIBUICAO - BA;960.8800;LACTALIS COMERCIO E DISTRIBUICAO - BA;53372801;ATAKAREJO DIST DE ALIM E BEB SA;10638.52;6352;060 - ICMS cobrado por substituição tributária;1.329,50;1.510,80;1200;18130
23/03/2026;115026;ITAMBE COMERCIO E DISTRIBUICAO - BA;491.0900;ITAMBE COMERCIO E DISTRIBUICAO - BA;53372801;SENDAS DISTRIBUIDORA SA;4955.00;6352;060 - ICMS cobrado por substituição tributária;67949;77215;1200;9266
23/03/2026;115027;LACTALIS COMERCIO E DISTRIBUICAO - BA;468.8600;LACTALIS COMERCIO E DISTRIBUICAO - BA;53372799;ATACADAO SA;13095.24;6352;060 - ICMS cobrado por substituição tributária;46990;53398;1200;6408
23/03/2026;115028;LACTALIS COMERCIO E DISTRIBUICAO - BA;1406.6800;LACTALIS COMERCIO E DISTRIBUICAO - BA;53372799;SENDAS DISTRIBUIDORA SA;21369.56;6352;060 - ICMS cobrado por substituição tributária;1.409,75;1.601,99;1200;19224
23/03/2026;115029;LACTALIS COMERCIO E DISTRIBUICAO - BA;775.4000;LACTALIS COMERCIO E DISTRIBUICAO - BA;53372799;ATAKAREJO DIST DE ALIM E BEB SA ATAKAREJO;8729.66;6352;060 - ICMS cobrado por substituição tributária;77711;88308;1200;10597
23/03/2026;115030;ITAMBE COMERCIO E DISTRIBUICAO - BA;224.8900;ITAMBE COMERCIO E DISTRIBUICAO - BA;53372799;ATACADAO SA;2569.89;6352;060 - ICMS cobrado por substituição tributária;22539;25613;1200;3074
23/03/2026;115031;ITAMBE COMERCIO E DISTRIBUICAO - BA;590.7100;ITAMBE COMERCIO E DISTRIBUICAO - BA;53372799;SENDAS DISTRIBUIDORA SA;6147.44;6352;060 - ICMS cobrado por substituição tributária;59202;67275;1200;8073
25/03/2026;115204;LACTALIS COMERCIO E DISTRIBUICAO - BA;345.7700;LACTALIS COMERCIO E DISTRIBUICAO - BA;53300914;SENDAS DISTRIBUIDORA SA;7408.35;6352;060 - ICMS cobrado por substituição tributária;42816;48655;1200;5839
27/03/2026;115298;ITAMBE COMERCIO E DISTRIBUICAO - BA;1231.2100;ITAMBE COMERCIO E DISTRIBUICAO - BA;DESPESAS ADICIONAIS;ATAKAREJO DIST DE ALIM E BEB SA ATAKAREJO;15176.00;6352;060 - ICMS cobrado por substituição tributária;1.271,65;1.445,06;1200;17341
27/03/2026;115300;LACTALIS COMERCIO E DISTRIBUICAO - BA;608.5500;LACTALIS COMERCIO E DISTRIBUICAO - BA;DESPESAS ADICIONAIS;ATAKAREJO DIST DE ALIM E BEB SA ATAKAREJO;8137.75;6352;060 - ICMS cobrado por substituição tributária;4.041,32;4.592,41;1200;55109
30/03/2026;115313;LACTALIS COMERCIO E DISTRIBUICAO - BA;786.1500;LACTALIS COMERCIO E DISTRIBUICAO - BA;53389905;SENDAS DISTRIBUIDORA SA;9298.10;6352;060 - ICMS cobrado por substituição tributária;1.000,36;1.136,77;1200;13641
30/03/2026;115314;LACTALIS COMERCIO E DISTRIBUICAO - BA;82.5400;LACTALIS COMERCIO E DISTRIBUICAO - BA;53389905;MATEUS SUPERMERCADOS SA;1327.68;6352;060 - ICMS cobrado por substituição tributária;10503;11935;1200;1432
30/03/2026;115315;LACTALIS COMERCIO E DISTRIBUICAO - BA;336.6400;LACTALIS COMERCIO E DISTRIBUICAO - BA;53389905;ATAKAREJO DIST DE ALIM E BEB SA;4203.06;6352;060 - ICMS cobrado por substituição tributária;42839;48681;1200;5842
30/03/2026;115316;LACTALIS COMERCIO E DISTRIBUICAO - BA;964.8200;LACTALIS COMERCIO E DISTRIBUICAO - BA;53389905;ATAKAREJO DIST DE ALIM E BEB SA ATAKAREJO;11085.68;6352;060 - ICMS cobrado por substituição tributária;1.227,71;1.395,13;1200;16742
30/03/2026;115317;ITAMBE COMERCIO E DISTRIBUICAO - BA;284.5000;ITAMBE COMERCIO E DISTRIBUICAO - BA;53389905;MATEUS SUPERMERCADOS SA;3173.28;6352;060 - ICMS cobrado por substituição tributária;36201;41138;1200;4937
30/03/2026;115318;ITAMBE COMERCIO E DISTRIBUICAO - BA;71.8000;ITAMBE COMERCIO E DISTRIBUICAO - BA;53389905;ATAKAREJO DIST DE ALIM E BEB SA;1121.45;6352;060 - ICMS cobrado por substituição tributária;9137;10383;1200;1246
30/03/2026;115319;ITAMBE COMERCIO E DISTRIBUICAO - BA;555.2000;ITAMBE COMERCIO E DISTRIBUICAO - BA;53389905;ATAKAREJO DIST DE ALIM E BEB SA ATAKAREJO;6189.50;6352;060 - ICMS cobrado por substituição tributária;70647;80281;1200;9634
30/03/2026;115320;LACTALIS COMERCIO E DISTRIBUICAO - BA;821.2800;LACTALIS COMERCIO E DISTRIBUICAO - BA;53389908;MATEUS SUPERMERCADOS SA;8543.44;6352;060 - ICMS cobrado por substituição tributária;99854;1.134,70;1200;13616
30/03/2026;115321;LACTALIS COMERCIO E DISTRIBUICAO - BA;943.1800;LACTALIS COMERCIO E DISTRIBUICAO - BA;53389908;WMS SUPERMERCADOS DO BRASIL LTDA;8874.44;6352;060 - ICMS cobrado por substituição tributária;1.146,74;1.303,11;1200;15637
30/03/2026;115322;ITAMBE COMERCIO E DISTRIBUICAO - BA;489.5700;ITAMBE COMERCIO E DISTRIBUICAO - BA;53389908;MATEUS SUPERMERCADOS SA;7055.60;6352;060 - ICMS cobrado por substituição tributária;59524;67641;1200;8117
30/03/2026;115323;ITAMBE COMERCIO E DISTRIBUICAO - BA;603.3300;ITAMBE COMERCIO E DISTRIBUICAO - BA;53389908;WMS SUPERMERCADOS DO BRASIL LTDA;5919.92;6352;060 - ICMS cobrado por substituição tributária;73355;83358;1200;10003
30/03/2026;115333;LACTALIS COMERCIO E DISTRIBUICAO - BA;1336.9500;LACTALIS COMERCIO E DISTRIBUICAO - BA;53389906;ATAKAREJO DIST DE ALIM E BEB SA;13169.88;6352;060 - ICMS cobrado por substituição tributária;1.440,96;1.637,45;1200;19649
30/03/2026;115334;ITAMBE COMERCIO E DISTRIBUICAO - BA;1886.4000;ITAMBE COMERCIO E DISTRIBUICAO - BA;53389906;ATAKAREJO DIST DE ALIM E BEB SA;24089.28;6352;060 - ICMS cobrado por substituição tributária;2.033,05;2.310,28;1200;27723
30/03/2026;115336;LACTALIS COMERCIO E DISTRIBUICAO - BA;1231.9900;LACTALIS COMERCIO E DISTRIBUICAO - BA;53389907;SENDAS DISTRIBUIDORA SA;17737.24;6352;060 - ICMS cobrado por substituição tributária;1.397,79;1.588,40;1200;19061
30/03/2026;115337;LACTALIS COMERCIO E DISTRIBUICAO - BA;1830.0200;LACTALIS COMERCIO E DISTRIBUICAO - BA;53389907;SENDAS DISTRIBUIDORA SA;21025.28;6352;060 - ICMS cobrado por substituição tributária;2.076,29;2.359,42;1200;28313
;;;;;;;;;;300.256,59;;;40.944,16
